/HOME/.local/lib/python3.10/site-packages/requests/__init__.py:113: RequestsDependencyWarning: urllib3 (1.26.5) or chardet (7.2.0)/charset_normalizer (3.4.4) doesn't match a supported version!
  warnings.warn(
/HOME/.local/lib/python3.10/site-packages/pypdf/_crypt_providers/_cryptography.py:32: CryptographyDeprecationWarning: ARC4 has been moved to cryptography.hazmat.decrepit.ciphers.algorithms.ARC4 and will be removed from cryptography.hazmat.primitives.ciphers.algorithms in 48.0.0.
  from cryptography.hazmat.primitives.ciphers.algorithms import AES, ARC4
Found 15 MLTables PDFs
[1/15] 2210.00044v1... Extracting PDF text from 2210.00044v1.pdf...
Could not get FontBBox from font descriptor because None cannot be parsed as 4 floats
Loading Marker models (first call, will be cached)...
Marker models loaded: ['layout_model', 'recognition_model', 'table_rec_model', 'detection_model', 'ocr_error_model']
Recognizing Layout:   0%|          | 0/20 [00:00<?, ?it/s]Recognizing Layout:   0%|          | 0/20 [00:00<?, ?it/s]
  Running docling...
Docling converting 2210.00044v1.pdf (config: no_ocr_accurate)
detected formats: [<InputFormat.PDF: 'pdf'>]
Going to convert document batch...
Initializing pipeline for StandardPdfPipeline with options hash b56892e70fd34eb2f9ef999169879158
Loading plugin 'docling_defaults'
Registered picture descriptions: ['picture_description_vlm_engine', 'vlm', 'api']
Loading plugin 'docling_defaults'
Registered ocr engines: ['auto', 'easyocr', 'ocrmac', 'rapidocr', 'tesserocr', 'tesseract']
Loading plugin 'docling_defaults'
Registered layout engines: ['layout_object_detection', 'docling_layout_default', 'docling_experimental_table_crops_layout']
Accelerator device: 'cuda:0'
Loading plugin 'docling_defaults'
Registered table structure engines: ['docling_tableformer', 'docling_tableformer_v2']
Accelerator device: 'cuda:0'
Processing document 2210.00044v1.pdf
Stage layout failed for run 1: CUDA error: CUBLAS_STATUS_ALLOC_FAILED when calling `cublasCreate(handle)`
Traceback (most recent call last):
  File "/HOME/.local/lib/python3.10/site-packages/docling/pipeline/standard_pdf_pipeline.py", line 296, in _process_batch
    processed_pages = list(self.model(good[0].conv_res, pages))  # type: ignore[arg-type]
  File "/HOME/.local/lib/python3.10/site-packages/docling/models/base_layout_model.py", line 35, in __call__
    predictions = self.predict_layout(conv_res, pages)
  File "/HOME/.local/lib/python3.10/site-packages/docling/models/stages/layout/layout_model.py", line 182, in predict_layout
    batch_predictions = self.layout_predictor.predict_batch(  # type: ignore[attr-defined]
  File "/HOME/.local/lib/python3.10/site-packages/torch/utils/_contextlib.py", line 116, in decorate_context
    return func(*args, **kwargs)
  File "/HOME/.local/lib/python3.10/site-packages/docling_ibm_models/layoutmodel/layout_predictor.py", line 218, in predict_batch
    outputs = self._model(**inputs)
  File "/HOME/.local/lib/python3.10/site-packages/torch/nn/modules/module.py", line 1553, in _wrapped_call_impl
    return self._call_impl(*args, **kwargs)
  File "/HOME/.local/lib/python3.10/site-packages/torch/nn/modules/module.py", line 1562, in _call_impl
    return forward_call(*args, **kwargs)
  File "/HOME/.local/lib/python3.10/site-packages/transformers/models/rt_detr_v2/modeling_rt_detr_v2.py", line 1920, in forward
    outputs = self.model(
  File "/HOME/.local/lib/python3.10/site-packages/torch/nn/modules/module.py", line 1553, in _wrapped_call_impl
    return self._call_impl(*args, **kwargs)
  File "/HOME/.local/lib/python3.10/site-packages/torch/nn/modules/module.py", line 1562, in _call_impl
    return forward_call(*args, **kwargs)
  File "/HOME/.local/lib/python3.10/site-packages/transformers/models/rt_detr_v2/modeling_rt_detr_v2.py", line 1544, in forward
    encoder_outputs = self.encoder(
  File "/HOME/.local/lib/python3.10/site-packages/torch/nn/modules/module.py", line 1553, in _wrapped_call_impl
    return self._call_impl(*args, **kwargs)
  File "/HOME/.local/lib/python3.10/site-packages/torch/nn/modules/module.py", line 1562, in _call_impl
    return forward_call(*args, **kwargs)
  File "/HOME/.local/lib/python3.10/site-packages/transformers/models/rt_detr_v2/modeling_rt_detr_v2.py", line 1180, in forward
    pos_embed = self.build_2d_sincos_position_embedding(
  File "/HOME/.local/lib/python3.10/site-packages/transformers/models/rt_detr_v2/modeling_rt_detr_v2.py", line 1117, in build_2d_sincos_position_embedding
    out_w = grid_w.flatten()[..., None] @ omega[None]
RuntimeError: CUDA error: CUBLAS_STATUS_ALLOC_FAILED when calling `cublasCreate(handle)`
Stage layout failed for run 1: CUDA out of memory. Tried to allocate 100.00 MiB. GPU 0 has a total capacity of 23.68 GiB of which 86.44 MiB is free. Process 3053274 has 9.91 GiB memory in use. Process 3058551 has 4.17 GiB memory in use. Process 3065897 has 5.10 GiB memory in use. Including non-PyTorch memory, this process has 4.41 GiB memory in use. Of the allocated memory 4.15 GiB is allocated by PyTorch, and 24.96 MiB is reserved by PyTorch but unallocated. If reserved but unallocated memory is large try setting PYTORCH_CUDA_ALLOC_CONF=expandable_segments:True to avoid fragmentation.  See documentation for Memory Management  (https://pytorch.org/docs/stable/notes/cuda.html#environment-variables)
Traceback (most recent call last):
  File "/HOME/.local/lib/python3.10/site-packages/docling/pipeline/standard_pdf_pipeline.py", line 296, in _process_batch
    processed_pages = list(self.model(good[0].conv_res, pages))  # type: ignore[arg-type]
  File "/HOME/.local/lib/python3.10/site-packages/docling/models/base_layout_model.py", line 35, in __call__
    predictions = self.predict_layout(conv_res, pages)
  File "/HOME/.local/lib/python3.10/site-packages/docling/models/stages/layout/layout_model.py", line 182, in predict_layout
    batch_predictions = self.layout_predictor.predict_batch(  # type: ignore[attr-defined]
  File "/HOME/.local/lib/python3.10/site-packages/torch/utils/_contextlib.py", line 116, in decorate_context
    return func(*args, **kwargs)
  File "/HOME/.local/lib/python3.10/site-packages/docling_ibm_models/layoutmodel/layout_predictor.py", line 218, in predict_batch
    outputs = self._model(**inputs)
  File "/HOME/.local/lib/python3.10/site-packages/torch/nn/modules/module.py", line 1553, in _wrapped_call_impl
    return self._call_impl(*args, **kwargs)
  File "/HOME/.local/lib/python3.10/site-packages/torch/nn/modules/module.py", line 1562, in _call_impl
    return forward_call(*args, **kwargs)
  File "/HOME/.local/lib/python3.10/site-packages/transformers/models/rt_detr_v2/modeling_rt_detr_v2.py", line 1920, in forward
    outputs = self.model(
  File "/HOME/.local/lib/python3.10/site-packages/torch/nn/modules/module.py", line 1553, in _wrapped_call_impl
    return self._call_impl(*args, **kwargs)
  File "/HOME/.local/lib/python3.10/site-packages/torch/nn/modules/module.py", line 1562, in _call_impl
    return forward_call(*args, **kwargs)
  File "/HOME/.local/lib/python3.10/site-packages/transformers/models/rt_detr_v2/modeling_rt_detr_v2.py", line 1539, in forward
    features = self.backbone(pixel_values, pixel_mask)
  File "/HOME/.local/lib/python3.10/site-packages/torch/nn/modules/module.py", line 1553, in _wrapped_call_impl
    return self._call_impl(*args, **kwargs)
  File "/HOME/.local/lib/python3.10/site-packages/torch/nn/modules/module.py", line 1562, in _call_impl
    return forward_call(*args, **kwargs)
  File "/HOME/.local/lib/python3.10/site-packages/transformers/models/rt_detr_v2/modeling_rt_detr_v2.py", line 865, in forward
    features = self.model(pixel_values).feature_maps
  File "/HOME/.local/lib/python3.10/site-packages/torch/nn/modules/module.py", line 1553, in _wrapped_call_impl
    return self._call_impl(*args, **kwargs)
  File "/HOME/.local/lib/python3.10/site-packages/torch/nn/modules/module.py", line 1562, in _call_impl
    return forward_call(*args, **kwargs)
  File "/HOME/.local/lib/python3.10/site-packages/transformers/models/rt_detr/modeling_rt_detr_resnet.py", line 372, in forward
    embedding_output = self.embedder(pixel_values)
  File "/HOME/.local/lib/python3.10/site-packages/torch/nn/modules/module.py", line 1553, in _wrapped_call_impl
    return self._call_impl(*args, **kwargs)
  File "/HOME/.local/lib/python3.10/site-packages/torch/nn/modules/module.py", line 1562, in _call_impl
    return forward_call(*args, **kwargs)
  File "/HOME/.local/lib/python3.10/site-packages/transformers/models/rt_detr/modeling_rt_detr_resnet.py", line 96, in forward
    embedding = self.embedder(pixel_values)
  File "/HOME/.local/lib/python3.10/site-packages/torch/nn/modules/module.py", line 1553, in _wrapped_call_impl
    return self._call_impl(*args, **kwargs)
  File "/HOME/.local/lib/python3.10/site-packages/torch/nn/modules/module.py", line 1562, in _call_impl
    return forward_call(*args, **kwargs)
  File "/HOME/.local/lib/python3.10/site-packages/torch/nn/modules/container.py", line 219, in forward
    input = module(input)
  File "/HOME/.local/lib/python3.10/site-packages/torch/nn/modules/module.py", line 1553, in _wrapped_call_impl
    return self._call_impl(*args, **kwargs)
  File "/HOME/.local/lib/python3.10/site-packages/torch/nn/modules/module.py", line 1562, in _call_impl
    return forward_call(*args, **kwargs)
  File "/HOME/.local/lib/python3.10/site-packages/transformers/models/rt_detr/modeling_rt_detr_resnet.py", line 50, in forward
    hidden_state = self.normalization(hidden_state)
  File "/HOME/.local/lib/python3.10/site-packages/torch/nn/modules/module.py", line 1553, in _wrapped_call_impl
    return self._call_impl(*args, **kwargs)
  File "/HOME/.local/lib/python3.10/site-packages/torch/nn/modules/module.py", line 1562, in _call_impl
    return forward_call(*args, **kwargs)
  File "/HOME/.local/lib/python3.10/site-packages/transformers/models/rt_detr_v2/modeling_rt_detr_v2.py", line 816, in forward
    return x * scale + bias
torch.OutOfMemoryError: CUDA out of memory. Tried to allocate 100.00 MiB. GPU 0 has a total capacity of 23.68 GiB of which 86.44 MiB is free. Process 3053274 has 9.91 GiB memory in use. Process 3058551 has 4.17 GiB memory in use. Process 3065897 has 5.10 GiB memory in use. Including non-PyTorch memory, this process has 4.41 GiB memory in use. Of the allocated memory 4.15 GiB is allocated by PyTorch, and 24.96 MiB is reserved by PyTorch but unallocated. If reserved but unallocated memory is large try setting PYTORCH_CUDA_ALLOC_CONF=expandable_segments:True to avoid fragmentation.  See documentation for Memory Management  (https://pytorch.org/docs/stable/notes/cuda.html#environment-variables)
Stage layout failed for run 1: CUDA out of memory. Tried to allocate 50.00 MiB. GPU 0 has a total capacity of 23.68 GiB of which 16.44 MiB is free. Process 3053274 has 9.91 GiB memory in use. Process 3058551 has 4.17 GiB memory in use. Process 3065897 has 5.10 GiB memory in use. Including non-PyTorch memory, this process has 4.47 GiB memory in use. Of the allocated memory 4.22 GiB is allocated by PyTorch, and 19.96 MiB is reserved by PyTorch but unallocated. If reserved but unallocated memory is large try setting PYTORCH_CUDA_ALLOC_CONF=expandable_segments:True to avoid fragmentation.  See documentation for Memory Management  (https://pytorch.org/docs/stable/notes/cuda.html#environment-variables)
Traceback (most recent call last):
  File "/HOME/.local/lib/python3.10/site-packages/docling/pipeline/standard_pdf_pipeline.py", line 296, in _process_batch
    processed_pages = list(self.model(good[0].conv_res, pages))  # type: ignore[arg-type]
  File "/HOME/.local/lib/python3.10/site-packages/docling/models/base_layout_model.py", line 35, in __call__
    predictions = self.predict_layout(conv_res, pages)
  File "/HOME/.local/lib/python3.10/site-packages/docling/models/stages/layout/layout_model.py", line 182, in predict_layout
    batch_predictions = self.layout_predictor.predict_batch(  # type: ignore[attr-defined]
  File "/HOME/.local/lib/python3.10/site-packages/torch/utils/_contextlib.py", line 116, in decorate_context
    return func(*args, **kwargs)
  File "/HOME/.local/lib/python3.10/site-packages/docling_ibm_models/layoutmodel/layout_predictor.py", line 218, in predict_batch
    outputs = self._model(**inputs)
  File "/HOME/.local/lib/python3.10/site-packages/torch/nn/modules/module.py", line 1553, in _wrapped_call_impl
    return self._call_impl(*args, **kwargs)
  File "/HOME/.local/lib/python3.10/site-packages/torch/nn/modules/module.py", line 1562, in _call_impl
    return forward_call(*args, **kwargs)
  File "/HOME/.local/lib/python3.10/site-packages/transformers/models/rt_detr_v2/modeling_rt_detr_v2.py", line 1920, in forward
    outputs = self.model(
  File "/HOME/.local/lib/python3.10/site-packages/torch/nn/modules/module.py", line 1553, in _wrapped_call_impl
    return self._call_impl(*args, **kwargs)
  File "/HOME/.local/lib/python3.10/site-packages/torch/nn/modules/module.py", line 1562, in _call_impl
    return forward_call(*args, **kwargs)
  File "/HOME/.local/lib/python3.10/site-packages/transformers/models/rt_detr_v2/modeling_rt_detr_v2.py", line 1539, in forward
    features = self.backbone(pixel_values, pixel_mask)
  File "/HOME/.local/lib/python3.10/site-packages/torch/nn/modules/module.py", line 1553, in _wrapped_call_impl
    return self._call_impl(*args, **kwargs)
  File "/HOME/.local/lib/python3.10/site-packages/torch/nn/modules/module.py", line 1562, in _call_impl
    return forward_call(*args, **kwargs)
  File "/HOME/.local/lib/python3.10/site-packages/transformers/models/rt_detr_v2/modeling_rt_detr_v2.py", line 865, in forward
    features = self.model(pixel_values).feature_maps
  File "/HOME/.local/lib/python3.10/site-packages/torch/nn/modules/module.py", line 1553, in _wrapped_call_impl
    return self._call_impl(*args, **kwargs)
  File "/HOME/.local/lib/python3.10/site-packages/torch/nn/modules/module.py", line 1562, in _call_impl
    return forward_call(*args, **kwargs)
  File "/HOME/.local/lib/python3.10/site-packages/transformers/models/rt_detr/modeling_rt_detr_resnet.py", line 372, in forward
    embedding_output = self.embedder(pixel_values)
  File "/HOME/.local/lib/python3.10/site-packages/torch/nn/modules/module.py", line 1553, in _wrapped_call_impl
    return self._call_impl(*args, **kwargs)
  File "/HOME/.local/lib/python3.10/site-packages/torch/nn/modules/module.py", line 1562, in _call_impl
    return forward_call(*args, **kwargs)
  File "/HOME/.local/lib/python3.10/site-packages/transformers/models/rt_detr/modeling_rt_detr_resnet.py", line 96, in forward
    embedding = self.embedder(pixel_values)
  File "/HOME/.local/lib/python3.10/site-packages/torch/nn/modules/module.py", line 1553, in _wrapped_call_impl
    return self._call_impl(*args, **kwargs)
  File "/HOME/.local/lib/python3.10/site-packages/torch/nn/modules/module.py", line 1562, in _call_impl
    return forward_call(*args, **kwargs)
  File "/HOME/.local/lib/python3.10/site-packages/torch/nn/modules/container.py", line 219, in forward
    input = module(input)
  File "/HOME/.local/lib/python3.10/site-packages/torch/nn/modules/module.py", line 1553, in _wrapped_call_impl
    return self._call_impl(*args, **kwargs)
  File "/HOME/.local/lib/python3.10/site-packages/torch/nn/modules/module.py", line 1562, in _call_impl
    return forward_call(*args, **kwargs)
  File "/HOME/.local/lib/python3.10/site-packages/transformers/models/rt_detr/modeling_rt_detr_resnet.py", line 50, in forward
    hidden_state = self.normalization(hidden_state)
  File "/HOME/.local/lib/python3.10/site-packages/torch/nn/modules/module.py", line 1553, in _wrapped_call_impl
    return self._call_impl(*args, **kwargs)
  File "/HOME/.local/lib/python3.10/site-packages/torch/nn/modules/module.py", line 1562, in _call_impl
    return forward_call(*args, **kwargs)
  File "/HOME/.local/lib/python3.10/site-packages/transformers/models/rt_detr_v2/modeling_rt_detr_v2.py", line 816, in forward
    return x * scale + bias
torch.OutOfMemoryError: CUDA out of memory. Tried to allocate 50.00 MiB. GPU 0 has a total capacity of 23.68 GiB of which 16.44 MiB is free. Process 3053274 has 9.91 GiB memory in use. Process 3058551 has 4.17 GiB memory in use. Process 3065897 has 5.10 GiB memory in use. Including non-PyTorch memory, this process has 4.47 GiB memory in use. Of the allocated memory 4.22 GiB is allocated by PyTorch, and 19.96 MiB is reserved by PyTorch but unallocated. If reserved but unallocated memory is large try setting PYTORCH_CUDA_ALLOC_CONF=expandable_segments:True to avoid fragmentation.  See documentation for Memory Management  (https://pytorch.org/docs/stable/notes/cuda.html#environment-variables)
Stage layout failed for run 1: CUDA out of memory. Tried to allocate 20.00 MiB. GPU 0 has a total capacity of 23.68 GiB of which 8.44 MiB is free. Process 3053274 has 9.91 GiB memory in use. Process 3058551 has 4.17 GiB memory in use. Process 3065897 has 5.10 GiB memory in use. Including non-PyTorch memory, this process has 4.47 GiB memory in use. Of the allocated memory 4.22 GiB is allocated by PyTorch, and 19.96 MiB is reserved by PyTorch but unallocated. If reserved but unallocated memory is large try setting PYTORCH_CUDA_ALLOC_CONF=expandable_segments:True to avoid fragmentation.  See documentation for Memory Management  (https://pytorch.org/docs/stable/notes/cuda.html#environment-variables)
Traceback (most recent call last):
  File "/HOME/.local/lib/python3.10/site-packages/docling/pipeline/standard_pdf_pipeline.py", line 296, in _process_batch
    processed_pages = list(self.model(good[0].conv_res, pages))  # type: ignore[arg-type]
  File "/HOME/.local/lib/python3.10/site-packages/docling/models/base_layout_model.py", line 35, in __call__
    predictions = self.predict_layout(conv_res, pages)
  File "/HOME/.local/lib/python3.10/site-packages/docling/models/stages/layout/layout_model.py", line 182, in predict_layout
    batch_predictions = self.layout_predictor.predict_batch(  # type: ignore[attr-defined]
  File "/HOME/.local/lib/python3.10/site-packages/torch/utils/_contextlib.py", line 116, in decorate_context
    return func(*args, **kwargs)
  File "/HOME/.local/lib/python3.10/site-packages/docling_ibm_models/layoutmodel/layout_predictor.py", line 215, in predict_batch
    inputs = self._image_processor(images=pil_images, return_tensors="pt").to(
  File "/HOME/.local/lib/python3.10/site-packages/transformers/feature_extraction_utils.py", line 246, in to
    self.data = {k: maybe_to(v) for k, v in self.items()}
  File "/HOME/.local/lib/python3.10/site-packages/transformers/feature_extraction_utils.py", line 246, in <dictcomp>
    self.data = {k: maybe_to(v) for k, v in self.items()}
  File "/HOME/.local/lib/python3.10/site-packages/transformers/feature_extraction_utils.py", line 240, in maybe_to
    return v.to(*args, **kwargs)
torch.OutOfMemoryError: CUDA out of memory. Tried to allocate 20.00 MiB. GPU 0 has a total capacity of 23.68 GiB of which 8.44 MiB is free. Process 3053274 has 9.91 GiB memory in use. Process 3058551 has 4.17 GiB memory in use. Process 3065897 has 5.10 GiB memory in use. Including non-PyTorch memory, this process has 4.47 GiB memory in use. Of the allocated memory 4.22 GiB is allocated by PyTorch, and 19.96 MiB is reserved by PyTorch but unallocated. If reserved but unallocated memory is large try setting PYTORCH_CUDA_ALLOC_CONF=expandable_segments:True to avoid fragmentation.  See documentation for Memory Management  (https://pytorch.org/docs/stable/notes/cuda.html#environment-variables)
Stage layout failed for run 1: CUDA out of memory. Tried to allocate 38.00 MiB. GPU 0 has a total capacity of 23.68 GiB of which 8.44 MiB is free. Process 3053274 has 9.86 GiB memory in use. Process 3058551 has 4.17 GiB memory in use. Process 3065897 has 5.10 GiB memory in use. Including non-PyTorch memory, this process has 4.53 GiB memory in use. Of the allocated memory 4.27 GiB is allocated by PyTorch, and 17.15 MiB is reserved by PyTorch but unallocated. If reserved but unallocated memory is large try setting PYTORCH_CUDA_ALLOC_CONF=expandable_segments:True to avoid fragmentation.  See documentation for Memory Management  (https://pytorch.org/docs/stable/notes/cuda.html#environment-variables)
Traceback (most recent call last):
  File "/HOME/.local/lib/python3.10/site-packages/docling/pipeline/standard_pdf_pipeline.py", line 296, in _process_batch
    processed_pages = list(self.model(good[0].conv_res, pages))  # type: ignore[arg-type]
  File "/HOME/.local/lib/python3.10/site-packages/docling/models/base_layout_model.py", line 35, in __call__
    predictions = self.predict_layout(conv_res, pages)
  File "/HOME/.local/lib/python3.10/site-packages/docling/models/stages/layout/layout_model.py", line 182, in predict_layout
    batch_predictions = self.layout_predictor.predict_batch(  # type: ignore[attr-defined]
  File "/HOME/.local/lib/python3.10/site-packages/torch/utils/_contextlib.py", line 116, in decorate_context
    return func(*args, **kwargs)
  File "/HOME/.local/lib/python3.10/site-packages/docling_ibm_models/layoutmodel/layout_predictor.py", line 218, in predict_batch
    outputs = self._model(**inputs)
  File "/HOME/.local/lib/python3.10/site-packages/torch/nn/modules/module.py", line 1553, in _wrapped_call_impl
    return self._call_impl(*args, **kwargs)
  File "/HOME/.local/lib/python3.10/site-packages/torch/nn/modules/module.py", line 1562, in _call_impl
    return forward_call(*args, **kwargs)
  File "/HOME/.local/lib/python3.10/site-packages/transformers/models/rt_detr_v2/modeling_rt_detr_v2.py", line 1920, in forward
    outputs = self.model(
  File "/HOME/.local/lib/python3.10/site-packages/torch/nn/modules/module.py", line 1553, in _wrapped_call_impl
    return self._call_impl(*args, **kwargs)
  File "/HOME/.local/lib/python3.10/site-packages/torch/nn/modules/module.py", line 1562, in _call_impl
    return forward_call(*args, **kwargs)
  File "/HOME/.local/lib/python3.10/site-packages/transformers/models/rt_detr_v2/modeling_rt_detr_v2.py", line 1539, in forward
    features = self.backbone(pixel_values, pixel_mask)
  File "/HOME/.local/lib/python3.10/site-packages/torch/nn/modules/module.py", line 1553, in _wrapped_call_impl
    return self._call_impl(*args, **kwargs)
  File "/HOME/.local/lib/python3.10/site-packages/torch/nn/modules/module.py", line 1562, in _call_impl
    return forward_call(*args, **kwargs)
  File "/HOME/.local/lib/python3.10/site-packages/transformers/models/rt_detr_v2/modeling_rt_detr_v2.py", line 865, in forward
    features = self.model(pixel_values).feature_maps
  File "/HOME/.local/lib/python3.10/site-packages/torch/nn/modules/module.py", line 1553, in _wrapped_call_impl
    return self._call_impl(*args, **kwargs)
  File "/HOME/.local/lib/python3.10/site-packages/torch/nn/modules/module.py", line 1562, in _call_impl
    return forward_call(*args, **kwargs)
  File "/HOME/.local/lib/python3.10/site-packages/transformers/models/rt_detr/modeling_rt_detr_resnet.py", line 372, in forward
    embedding_output = self.embedder(pixel_values)
  File "/HOME/.local/lib/python3.10/site-packages/torch/nn/modules/module.py", line 1553, in _wrapped_call_impl
    return self._call_impl(*args, **kwargs)
  File "/HOME/.local/lib/python3.10/site-packages/torch/nn/modules/module.py", line 1562, in _call_impl
    return forward_call(*args, **kwargs)
  File "/HOME/.local/lib/python3.10/site-packages/transformers/models/rt_detr/modeling_rt_detr_resnet.py", line 96, in forward
    embedding = self.embedder(pixel_values)
  File "/HOME/.local/lib/python3.10/site-packages/torch/nn/modules/module.py", line 1553, in _wrapped_call_impl
    return self._call_impl(*args, **kwargs)
  File "/HOME/.local/lib/python3.10/site-packages/torch/nn/modules/module.py", line 1562, in _call_impl
    return forward_call(*args, **kwargs)
  File "/HOME/.local/lib/python3.10/site-packages/torch/nn/modules/container.py", line 219, in forward
    input = module(input)
  File "/HOME/.local/lib/python3.10/site-packages/torch/nn/modules/module.py", line 1553, in _wrapped_call_impl
    return self._call_impl(*args, **kwargs)
  File "/HOME/.local/lib/python3.10/site-packages/torch/nn/modules/module.py", line 1562, in _call_impl
    return forward_call(*args, **kwargs)
  File "/HOME/.local/lib/python3.10/site-packages/transformers/models/rt_detr/modeling_rt_detr_resnet.py", line 50, in forward
    hidden_state = self.normalization(hidden_state)
  File "/HOME/.local/lib/python3.10/site-packages/torch/nn/modules/module.py", line 1553, in _wrapped_call_impl
    return self._call_impl(*args, **kwargs)
  File "/HOME/.local/lib/python3.10/site-packages/torch/nn/modules/module.py", line 1562, in _call_impl
    return forward_call(*args, **kwargs)
  File "/HOME/.local/lib/python3.10/site-packages/transformers/models/rt_detr_v2/modeling_rt_detr_v2.py", line 816, in forward
    return x * scale + bias
torch.OutOfMemoryError: CUDA out of memory. Tried to allocate 38.00 MiB. GPU 0 has a total capacity of 23.68 GiB of which 8.44 MiB is free. Process 3053274 has 9.86 GiB memory in use. Process 3058551 has 4.17 GiB memory in use. Process 3065897 has 5.10 GiB memory in use. Including non-PyTorch memory, this process has 4.53 GiB memory in use. Of the allocated memory 4.27 GiB is allocated by PyTorch, and 17.15 MiB is reserved by PyTorch but unallocated. If reserved but unallocated memory is large try setting PYTORCH_CUDA_ALLOC_CONF=expandable_segments:True to avoid fragmentation.  See documentation for Memory Management  (https://pytorch.org/docs/stable/notes/cuda.html#environment-variables)
Stage layout failed for run 1: CUDA out of memory. Tried to allocate 20.00 MiB. GPU 0 has a total capacity of 23.68 GiB of which 2.44 MiB is free. Process 3053274 has 9.87 GiB memory in use. Process 3058551 has 4.17 GiB memory in use. Process 3065897 has 5.10 GiB memory in use. Including non-PyTorch memory, this process has 4.53 GiB memory in use. Of the allocated memory 4.27 GiB is allocated by PyTorch, and 17.15 MiB is reserved by PyTorch but unallocated. If reserved but unallocated memory is large try setting PYTORCH_CUDA_ALLOC_CONF=expandable_segments:True to avoid fragmentation.  See documentation for Memory Management  (https://pytorch.org/docs/stable/notes/cuda.html#environment-variables)
Traceback (most recent call last):
  File "/HOME/.local/lib/python3.10/site-packages/docling/pipeline/standard_pdf_pipeline.py", line 296, in _process_batch
    processed_pages = list(self.model(good[0].conv_res, pages))  # type: ignore[arg-type]
  File "/HOME/.local/lib/python3.10/site-packages/docling/models/base_layout_model.py", line 35, in __call__
    predictions = self.predict_layout(conv_res, pages)
  File "/HOME/.local/lib/python3.10/site-packages/docling/models/stages/layout/layout_model.py", line 182, in predict_layout
    batch_predictions = self.layout_predictor.predict_batch(  # type: ignore[attr-defined]
  File "/HOME/.local/lib/python3.10/site-packages/torch/utils/_contextlib.py", line 116, in decorate_context
    return func(*args, **kwargs)
  File "/HOME/.local/lib/python3.10/site-packages/docling_ibm_models/layoutmodel/layout_predictor.py", line 215, in predict_batch
    inputs = self._image_processor(images=pil_images, return_tensors="pt").to(
  File "/HOME/.local/lib/python3.10/site-packages/transformers/feature_extraction_utils.py", line 246, in to
    self.data = {k: maybe_to(v) for k, v in self.items()}
  File "/HOME/.local/lib/python3.10/site-packages/transformers/feature_extraction_utils.py", line 246, in <dictcomp>
    self.data = {k: maybe_to(v) for k, v in self.items()}
  File "/HOME/.local/lib/python3.10/site-packages/transformers/feature_extraction_utils.py", line 240, in maybe_to
    return v.to(*args, **kwargs)
torch.OutOfMemoryError: CUDA out of memory. Tried to allocate 20.00 MiB. GPU 0 has a total capacity of 23.68 GiB of which 2.44 MiB is free. Process 3053274 has 9.87 GiB memory in use. Process 3058551 has 4.17 GiB memory in use. Process 3065897 has 5.10 GiB memory in use. Including non-PyTorch memory, this process has 4.53 GiB memory in use. Of the allocated memory 4.27 GiB is allocated by PyTorch, and 17.15 MiB is reserved by PyTorch but unallocated. If reserved but unallocated memory is large try setting PYTORCH_CUDA_ALLOC_CONF=expandable_segments:True to avoid fragmentation.  See documentation for Memory Management  (https://pytorch.org/docs/stable/notes/cuda.html#environment-variables)
Stage layout failed for run 1: CUDA out of memory. Tried to allocate 20.00 MiB. GPU 0 has a total capacity of 23.68 GiB of which 2.44 MiB is free. Process 3053274 has 9.87 GiB memory in use. Process 3058551 has 4.17 GiB memory in use. Process 3065897 has 5.10 GiB memory in use. Including non-PyTorch memory, this process has 4.53 GiB memory in use. Of the allocated memory 4.27 GiB is allocated by PyTorch, and 17.15 MiB is reserved by PyTorch but unallocated. If reserved but unallocated memory is large try setting PYTORCH_CUDA_ALLOC_CONF=expandable_segments:True to avoid fragmentation.  See documentation for Memory Management  (https://pytorch.org/docs/stable/notes/cuda.html#environment-variables)
Traceback (most recent call last):
  File "/HOME/.local/lib/python3.10/site-packages/docling/pipeline/standard_pdf_pipeline.py", line 296, in _process_batch
    processed_pages = list(self.model(good[0].conv_res, pages))  # type: ignore[arg-type]
  File "/HOME/.local/lib/python3.10/site-packages/docling/models/base_layout_model.py", line 35, in __call__
    predictions = self.predict_layout(conv_res, pages)
  File "/HOME/.local/lib/python3.10/site-packages/docling/models/stages/layout/layout_model.py", line 182, in predict_layout
    batch_predictions = self.layout_predictor.predict_batch(  # type: ignore[attr-defined]
  File "/HOME/.local/lib/python3.10/site-packages/torch/utils/_contextlib.py", line 116, in decorate_context
    return func(*args, **kwargs)
  File "/HOME/.local/lib/python3.10/site-packages/docling_ibm_models/layoutmodel/layout_predictor.py", line 215, in predict_batch
    inputs = self._image_processor(images=pil_images, return_tensors="pt").to(
  File "/HOME/.local/lib/python3.10/site-packages/transformers/feature_extraction_utils.py", line 246, in to
    self.data = {k: maybe_to(v) for k, v in self.items()}
  File "/HOME/.local/lib/python3.10/site-packages/transformers/feature_extraction_utils.py", line 246, in <dictcomp>
    self.data = {k: maybe_to(v) for k, v in self.items()}
  File "/HOME/.local/lib/python3.10/site-packages/transformers/feature_extraction_utils.py", line 240, in maybe_to
    return v.to(*args, **kwargs)
torch.OutOfMemoryError: CUDA out of memory. Tried to allocate 20.00 MiB. GPU 0 has a total capacity of 23.68 GiB of which 2.44 MiB is free. Process 3053274 has 9.87 GiB memory in use. Process 3058551 has 4.17 GiB memory in use. Process 3065897 has 5.10 GiB memory in use. Including non-PyTorch memory, this process has 4.53 GiB memory in use. Of the allocated memory 4.27 GiB is allocated by PyTorch, and 17.15 MiB is reserved by PyTorch but unallocated. If reserved but unallocated memory is large try setting PYTORCH_CUDA_ALLOC_CONF=expandable_segments:True to avoid fragmentation.  See documentation for Memory Management  (https://pytorch.org/docs/stable/notes/cuda.html#environment-variables)
Stage layout failed for run 1: CUDA out of memory. Tried to allocate 20.00 MiB. GPU 0 has a total capacity of 23.68 GiB of which 2.44 MiB is free. Process 3053274 has 9.87 GiB memory in use. Process 3058551 has 4.17 GiB memory in use. Process 3065897 has 5.10 GiB memory in use. Including non-PyTorch memory, this process has 4.53 GiB memory in use. Of the allocated memory 4.27 GiB is allocated by PyTorch, and 17.15 MiB is reserved by PyTorch but unallocated. If reserved but unallocated memory is large try setting PYTORCH_CUDA_ALLOC_CONF=expandable_segments:True to avoid fragmentation.  See documentation for Memory Management  (https://pytorch.org/docs/stable/notes/cuda.html#environment-variables)
Traceback (most recent call last):
  File "/HOME/.local/lib/python3.10/site-packages/docling/pipeline/standard_pdf_pipeline.py", line 296, in _process_batch
    processed_pages = list(self.model(good[0].conv_res, pages))  # type: ignore[arg-type]
  File "/HOME/.local/lib/python3.10/site-packages/docling/models/base_layout_model.py", line 35, in __call__
    predictions = self.predict_layout(conv_res, pages)
  File "/HOME/.local/lib/python3.10/site-packages/docling/models/stages/layout/layout_model.py", line 182, in predict_layout
    batch_predictions = self.layout_predictor.predict_batch(  # type: ignore[attr-defined]
  File "/HOME/.local/lib/python3.10/site-packages/torch/utils/_contextlib.py", line 116, in decorate_context
    return func(*args, **kwargs)
  File "/HOME/.local/lib/python3.10/site-packages/docling_ibm_models/layoutmodel/layout_predictor.py", line 215, in predict_batch
    inputs = self._image_processor(images=pil_images, return_tensors="pt").to(
  File "/HOME/.local/lib/python3.10/site-packages/transformers/feature_extraction_utils.py", line 246, in to
    self.data = {k: maybe_to(v) for k, v in self.items()}
  File "/HOME/.local/lib/python3.10/site-packages/transformers/feature_extraction_utils.py", line 246, in <dictcomp>
    self.data = {k: maybe_to(v) for k, v in self.items()}
  File "/HOME/.local/lib/python3.10/site-packages/transformers/feature_extraction_utils.py", line 240, in maybe_to
    return v.to(*args, **kwargs)
torch.OutOfMemoryError: CUDA out of memory. Tried to allocate 20.00 MiB. GPU 0 has a total capacity of 23.68 GiB of which 2.44 MiB is free. Process 3053274 has 9.87 GiB memory in use. Process 3058551 has 4.17 GiB memory in use. Process 3065897 has 5.10 GiB memory in use. Including non-PyTorch memory, this process has 4.53 GiB memory in use. Of the allocated memory 4.27 GiB is allocated by PyTorch, and 17.15 MiB is reserved by PyTorch but unallocated. If reserved but unallocated memory is large try setting PYTORCH_CUDA_ALLOC_CONF=expandable_segments:True to avoid fragmentation.  See documentation for Memory Management  (https://pytorch.org/docs/stable/notes/cuda.html#environment-variables)
Finished converting document 2210.00044v1.pdf in 11.14 sec.
Docling extraction failed: Conversion failed for: 2210.00044v1.pdf with status: failure. Errors: Page 1: CUDA error: CUBLAS_STATUS_ALLOC_FAILED when calling `cublasCreate(handle)`; Page 2: CUDA out of memory. Tried to allocate 100.00 MiB. GPU 0 has a total capacity of 23.68 GiB of which 86.44 MiB is free. Process 3053274 has 9.91 GiB memory in use. Process 3058551 has 4.17 GiB memory in use. Process 3065897 has 5.10 GiB memory in use. Including non-PyTorch memory, this process has 4.41 GiB memory in use. Of the allocated memory 4.15 GiB is allocated by PyTorch, and 24.96 MiB is reserved by PyTorch but unallocated. If reserved but unallocated memory is large try setting PYTORCH_CUDA_ALLOC_CONF=expandable_segments:True to avoid fragmentation.  See documentation for Memory Management  (https://pytorch.org/docs/stable/notes/cuda.html#environment-variables); Page 3: CUDA out of memory. Tried to allocate 100.00 MiB. GPU 0 has a total capacity of 23.68 GiB of which 86.44 MiB is free. Process 3053274 has 9.91 GiB memory in use. Process 3058551 has 4.17 GiB memory in use. Process 3065897 has 5.10 GiB memory in use. Including non-PyTorch memory, this process has 4.41 GiB memory in use. Of the allocated memory 4.15 GiB is allocated by PyTorch, and 24.96 MiB is reserved by PyTorch but unallocated. If reserved but unallocated memory is large try setting PYTORCH_CUDA_ALLOC_CONF=expandable_segments:True to avoid fragmentation.  See documentation for Memory Management  (https://pytorch.org/docs/stable/notes/cuda.html#environment-variables); Page 4: CUDA out of memory. Tried to allocate 100.00 MiB. GPU 0 has a total capacity of 23.68 GiB of which 86.44 MiB is free. Process 3053274 has 9.91 GiB memory in use. Process 3058551 has 4.17 GiB memory in use. Process 3065897 has 5.10 GiB memory in use. Including non-PyTorch memory, this process has 4.41 GiB memory in use. Of the allocated memory 4.15 GiB is allocated by PyTorch, and 24.96 MiB is reserved by PyTorch but unallocated. If reserved but unallocated memory is large try setting PYTORCH_CUDA_ALLOC_CONF=expandable_segments:True to avoid fragmentation.  See documentation for Memory Management  (https://pytorch.org/docs/stable/notes/cuda.html#environment-variables); Page 5: CUDA out of memory. Tried to allocate 100.00 MiB. GPU 0 has a total capacity of 23.68 GiB of which 86.44 MiB is free. Process 3053274 has 9.91 GiB memory in use. Process 3058551 has 4.17 GiB memory in use. Process 3065897 has 5.10 GiB memory in use. Including non-PyTorch memory, this process has 4.41 GiB memory in use. Of the allocated memory 4.15 GiB is allocated by PyTorch, and 24.96 MiB is reserved by PyTorch but unallocated. If reserved but unallocated memory is large try setting PYTORCH_CUDA_ALLOC_CONF=expandable_segments:True to avoid fragmentation.  See documentation for Memory Management  (https://pytorch.org/docs/stable/notes/cuda.html#environment-variables); Page 6: CUDA out of memory. Tried to allocate 50.00 MiB. GPU 0 has a total capacity of 23.68 GiB of which 16.44 MiB is free. Process 3053274 has 9.91 GiB memory in use. Process 3058551 has 4.17 GiB memory in use. Process 3065897 has 5.10 GiB memory in use. Including non-PyTorch memory, this process has 4.47 GiB memory in use. Of the allocated memory 4.22 GiB is allocated by PyTorch, and 19.96 MiB is reserved by PyTorch but unallocated. If reserved but unallocated memory is large try setting PYTORCH_CUDA_ALLOC_CONF=expandable_segments:True to avoid fragmentation.  See documentation for Memory Management  (https://pytorch.org/docs/stable/notes/cuda.html#environment-variables); Page 7: CUDA out of memory. Tried to allocate 50.00 MiB. GPU 0 has a total capacity of 23.68 GiB of which 16.44 MiB is free. Process 3053274 has 9.91 GiB memory in use. Process 3058551 has 4.17 GiB memory in use. Process 3065897 has 5.10 GiB memory in use. Including non-PyTorch memory, this process has 4.47 GiB memory in use. Of the allocated memory 4.22 GiB is allocated by PyTorch, and 19.96 MiB is reserved by PyTorch but unallocated. If reserved but unallocated memory is large try setting PYTORCH_CUDA_ALLOC_CONF=expandable_segments:True to avoid fragmentation.  See documentation for Memory Management  (https://pytorch.org/docs/stable/notes/cuda.html#environment-variables); Page 8: CUDA out of memory. Tried to allocate 50.00 MiB. GPU 0 has a total capacity of 23.68 GiB of which 16.44 MiB is free. Process 3053274 has 9.91 GiB memory in use. Process 3058551 has 4.17 GiB memory in use. Process 3065897 has 5.10 GiB memory in use. Including non-PyTorch memory, this process has 4.47 GiB memory in use. Of the allocated memory 4.22 GiB is allocated by PyTorch, and 19.96 MiB is reserved by PyTorch but unallocated. If reserved but unallocated memory is large try setting PYTORCH_CUDA_ALLOC_CONF=expandable_segments:True to avoid fragmentation.  See documentation for Memory Management  (https://pytorch.org/docs/stable/notes/cuda.html#environment-variables); Page 9: CUDA out of memory. Tried to allocate 50.00 MiB. GPU 0 has a total capacity of 23.68 GiB of which 16.44 MiB is free. Process 3053274 has 9.91 GiB memory in use. Process 3058551 has 4.17 GiB memory in use. Process 3065897 has 5.10 GiB memory in use. Including non-PyTorch memory, this process has 4.47 GiB memory in use. Of the allocated memory 4.22 GiB is allocated by PyTorch, and 19.96 MiB is reserved by PyTorch but unallocated. If reserved but unallocated memory is large try setting PYTORCH_CUDA_ALLOC_CONF=expandable_segments:True to avoid fragmentation.  See documentation for Memory Management  (https://pytorch.org/docs/stable/notes/cuda.html#environment-variables); Page 10: CUDA out of memory. Tried to allocate 20.00 MiB. GPU 0 has a total capacity of 23.68 GiB of which 8.44 MiB is free. Process 3053274 has 9.91 GiB memory in use. Process 3058551 has 4.17 GiB memory in use. Process 3065897 has 5.10 GiB memory in use. Including non-PyTorch memory, this process has 4.47 GiB memory in use. Of the allocated memory 4.22 GiB is allocated by PyTorch, and 19.96 MiB is reserved by PyTorch but unallocated. If reserved but unallocated memory is large try setting PYTORCH_CUDA_ALLOC_CONF=expandable_segments:True to avoid fragmentation.  See documentation for Memory Management  (https://pytorch.org/docs/stable/notes/cuda.html#environment-variables); Page 11: CUDA out of memory. Tried to allocate 20.00 MiB. GPU 0 has a total capacity of 23.68 GiB of which 8.44 MiB is free. Process 3053274 has 9.91 GiB memory in use. Process 3058551 has 4.17 GiB memory in use. Process 3065897 has 5.10 GiB memory in use. Including non-PyTorch memory, this process has 4.47 GiB memory in use. Of the allocated memory 4.22 GiB is allocated by PyTorch, and 19.96 MiB is reserved by PyTorch but unallocated. If reserved but unallocated memory is large try setting PYTORCH_CUDA_ALLOC_CONF=expandable_segments:True to avoid fragmentation.  See documentation for Memory Management  (https://pytorch.org/docs/stable/notes/cuda.html#environment-variables); Page 12: CUDA out of memory. Tried to allocate 20.00 MiB. GPU 0 has a total capacity of 23.68 GiB of which 8.44 MiB is free. Process 3053274 has 9.91 GiB memory in use. Process 3058551 has 4.17 GiB memory in use. Process 3065897 has 5.10 GiB memory in use. Including non-PyTorch memory, this process has 4.47 GiB memory in use. Of the allocated memory 4.22 GiB is allocated by PyTorch, and 19.96 MiB is reserved by PyTorch but unallocated. If reserved but unallocated memory is large try setting PYTORCH_CUDA_ALLOC_CONF=expandable_segments:True to avoid fragmentation.  See documentation for Memory Management  (https://pytorch.org/docs/stable/notes/cuda.html#environment-variables); Page 13: CUDA out of memory. Tried to allocate 20.00 MiB. GPU 0 has a total capacity of 23.68 GiB of which 8.44 MiB is free. Process 3053274 has 9.91 GiB memory in use. Process 3058551 has 4.17 GiB memory in use. Process 3065897 has 5.10 GiB memory in use. Including non-PyTorch memory, this process has 4.47 GiB memory in use. Of the allocated memory 4.22 GiB is allocated by PyTorch, and 19.96 MiB is reserved by PyTorch but unallocated. If reserved but unallocated memory is large try setting PYTORCH_CUDA_ALLOC_CONF=expandable_segments:True to avoid fragmentation.  See documentation for Memory Management  (https://pytorch.org/docs/stable/notes/cuda.html#environment-variables); Page 14: CUDA out of memory. Tried to allocate 38.00 MiB. GPU 0 has a total capacity of 23.68 GiB of which 8.44 MiB is free. Process 3053274 has 9.86 GiB memory in use. Process 3058551 has 4.17 GiB memory in use. Process 3065897 has 5.10 GiB memory in use. Including non-PyTorch memory, this process has 4.53 GiB memory in use. Of the allocated memory 4.27 GiB is allocated by PyTorch, and 17.15 MiB is reserved by PyTorch but unallocated. If reserved but unallocated memory is large try setting PYTORCH_CUDA_ALLOC_CONF=expandable_segments:True to avoid fragmentation.  See documentation for Memory Management  (https://pytorch.org/docs/stable/notes/cuda.html#environment-variables); Page 15: CUDA out of memory. Tried to allocate 38.00 MiB. GPU 0 has a total capacity of 23.68 GiB of which 8.44 MiB is free. Process 3053274 has 9.86 GiB memory in use. Process 3058551 has 4.17 GiB memory in use. Process 3065897 has 5.10 GiB memory in use. Including non-PyTorch memory, this process has 4.53 GiB memory in use. Of the allocated memory 4.27 GiB is allocated by PyTorch, and 17.15 MiB is reserved by PyTorch but unallocated. If reserved but unallocated memory is large try setting PYTORCH_CUDA_ALLOC_CONF=expandable_segments:True to avoid fragmentation.  See documentation for Memory Management  (https://pytorch.org/docs/stable/notes/cuda.html#environment-variables); Page 16: CUDA out of memory. Tried to allocate 38.00 MiB. GPU 0 has a total capacity of 23.68 GiB of which 8.44 MiB is free. Process 3053274 has 9.86 GiB memory in use. Process 3058551 has 4.17 GiB memory in use. Process 3065897 has 5.10 GiB memory in use. Including non-PyTorch memory, this process has 4.53 GiB memory in use. Of the allocated memory 4.27 GiB is allocated by PyTorch, and 17.15 MiB is reserved by PyTorch but unallocated. If reserved but unallocated memory is large try setting PYTORCH_CUDA_ALLOC_CONF=expandable_segments:True to avoid fragmentation.  See documentation for Memory Management  (https://pytorch.org/docs/stable/notes/cuda.html#environment-variables); Page 17: CUDA out of memory. Tried to allocate 20.00 MiB. GPU 0 has a total capacity of 23.68 GiB of which 2.44 MiB is free. Process 3053274 has 9.87 GiB memory in use. Process 3058551 has 4.17 GiB memory in use. Process 3065897 has 5.10 GiB memory in use. Including non-PyTorch memory, this process has 4.53 GiB memory in use. Of the allocated memory 4.27 GiB is allocated by PyTorch, and 17.15 MiB is reserved by PyTorch but unallocated. If reserved but unallocated memory is large try setting PYTORCH_CUDA_ALLOC_CONF=expandable_segments:True to avoid fragmentation.  See documentation for Memory Management  (https://pytorch.org/docs/stable/notes/cuda.html#environment-variables); Page 18: CUDA out of memory. Tried to allocate 20.00 MiB. GPU 0 has a total capacity of 23.68 GiB of which 2.44 MiB is free. Process 3053274 has 9.87 GiB memory in use. Process 3058551 has 4.17 GiB memory in use. Process 3065897 has 5.10 GiB memory in use. Including non-PyTorch memory, this process has 4.53 GiB memory in use. Of the allocated memory 4.27 GiB is allocated by PyTorch, and 17.15 MiB is reserved by PyTorch but unallocated. If reserved but unallocated memory is large try setting PYTORCH_CUDA_ALLOC_CONF=expandable_segments:True to avoid fragmentation.  See documentation for Memory Management  (https://pytorch.org/docs/stable/notes/cuda.html#environment-variables); Page 19: CUDA out of memory. Tried to allocate 20.00 MiB. GPU 0 has a total capacity of 23.68 GiB of which 2.44 MiB is free. Process 3053274 has 9.87 GiB memory in use. Process 3058551 has 4.17 GiB memory in use. Process 3065897 has 5.10 GiB memory in use. Including non-PyTorch memory, this process has 4.53 GiB memory in use. Of the allocated memory 4.27 GiB is allocated by PyTorch, and 17.15 MiB is reserved by PyTorch but unallocated. If reserved but unallocated memory is large try setting PYTORCH_CUDA_ALLOC_CONF=expandable_segments:True to avoid fragmentation.  See documentation for Memory Management  (https://pytorch.org/docs/stable/notes/cuda.html#environment-variables); Page 20: CUDA out of memory. Tried to allocate 20.00 MiB. GPU 0 has a total capacity of 23.68 GiB of which 2.44 MiB is free. Process 3053274 has 9.87 GiB memory in use. Process 3058551 has 4.17 GiB memory in use. Process 3065897 has 5.10 GiB memory in use. Including non-PyTorch memory, this process has 4.53 GiB memory in use. Of the allocated memory 4.27 GiB is allocated by PyTorch, and 17.15 MiB is reserved by PyTorch but unallocated. If reserved but unallocated memory is large try setting PYTORCH_CUDA_ALLOC_CONF=expandable_segments:True to avoid fragmentation.  See documentation for Memory Management  (https://pytorch.org/docs/stable/notes/cuda.html#environment-variables)
Docling attempt 1 found no tables, trying next config
Docling converting 2210.00044v1.pdf (config: with_ocr_accurate)
detected formats: [<InputFormat.PDF: 'pdf'>]
Going to convert document batch...
Initializing pipeline for StandardPdfPipeline with options hash a6a2eef09bfdbd6bdaeaf15fcaebde59
rapidocr cannot be used because onnxruntime is not installed.
easyocr cannot be used because it is not installed.
Accelerator device: 'cuda:0'
[32m[INFO] 2026-05-03 03:22:49,314 [RapidOCR] base.py:22: Using engine_name: torch[0m
[32m[INFO] 2026-05-03 03:22:49,359 [RapidOCR] device_config.py:64: Using GPU device with ID: 0[0m
[32m[INFO] 2026-05-03 03:22:49,416 [RapidOCR] download_file.py:60: File exists and is valid: /HOME/.local/lib/python3.10/site-packages/rapidocr/models/ch_PP-OCRv4_det_infer.pth[0m
[32m[INFO] 2026-05-03 03:22:49,417 [RapidOCR] main.py:50: Using /HOME/.local/lib/python3.10/site-packages/rapidocr/models/ch_PP-OCRv4_det_infer.pth[0m
[32m[INFO] 2026-05-03 03:22:50,222 [RapidOCR] base.py:22: Using engine_name: torch[0m
[32m[INFO] 2026-05-03 03:22:50,222 [RapidOCR] device_config.py:64: Using GPU device with ID: 0[0m
[32m[INFO] 2026-05-03 03:22:50,267 [RapidOCR] download_file.py:60: File exists and is valid: /HOME/.local/lib/python3.10/site-packages/rapidocr/models/ch_ptocr_mobile_v2.0_cls_infer.pth[0m
[32m[INFO] 2026-05-03 03:22:50,267 [RapidOCR] main.py:50: Using /HOME/.local/lib/python3.10/site-packages/rapidocr/models/ch_ptocr_mobile_v2.0_cls_infer.pth[0m
[32m[INFO] 2026-05-03 03:22:50,381 [RapidOCR] base.py:22: Using engine_name: torch[0m
[32m[INFO] 2026-05-03 03:22:50,381 [RapidOCR] device_config.py:64: Using GPU device with ID: 0[0m
[32m[INFO] 2026-05-03 03:22:50,454 [RapidOCR] download_file.py:60: File exists and is valid: /HOME/.local/lib/python3.10/site-packages/rapidocr/models/ch_PP-OCRv4_rec_infer.pth[0m
[32m[INFO] 2026-05-03 03:22:50,454 [RapidOCR] main.py:50: Using /HOME/.local/lib/python3.10/site-packages/rapidocr/models/ch_PP-OCRv4_rec_infer.pth[0m
Auto OCR model selected rapidocr with torch.
Accelerator device: 'cuda:0'
Accelerator device: 'cuda:0'
Processing document 2210.00044v1.pdf
Stage layout failed for run 1: CUDA out of memory. Tried to allocate 100.00 MiB. GPU 0 has a total capacity of 23.68 GiB of which 2.44 MiB is free. Process 3053274 has 9.87 GiB memory in use. Process 3058551 has 4.17 GiB memory in use. Process 3065897 has 5.10 GiB memory in use. Including non-PyTorch memory, this process has 4.53 GiB memory in use. Of the allocated memory 4.26 GiB is allocated by PyTorch, and 27.31 MiB is reserved by PyTorch but unallocated. If reserved but unallocated memory is large try setting PYTORCH_CUDA_ALLOC_CONF=expandable_segments:True to avoid fragmentation.  See documentation for Memory Management  (https://pytorch.org/docs/stable/notes/cuda.html#environment-variables)
Traceback (most recent call last):
  File "/HOME/.local/lib/python3.10/site-packages/docling/pipeline/standard_pdf_pipeline.py", line 296, in _process_batch
    processed_pages = list(self.model(good[0].conv_res, pages))  # type: ignore[arg-type]
  File "/HOME/.local/lib/python3.10/site-packages/docling/models/base_layout_model.py", line 35, in __call__
    predictions = self.predict_layout(conv_res, pages)
  File "/HOME/.local/lib/python3.10/site-packages/docling/models/stages/layout/layout_model.py", line 182, in predict_layout
    batch_predictions = self.layout_predictor.predict_batch(  # type: ignore[attr-defined]
  File "/HOME/.local/lib/python3.10/site-packages/torch/utils/_contextlib.py", line 116, in decorate_context
    return func(*args, **kwargs)
  File "/HOME/.local/lib/python3.10/site-packages/docling_ibm_models/layoutmodel/layout_predictor.py", line 218, in predict_batch
    outputs = self._model(**inputs)
  File "/HOME/.local/lib/python3.10/site-packages/torch/nn/modules/module.py", line 1553, in _wrapped_call_impl
    return self._call_impl(*args, **kwargs)
  File "/HOME/.local/lib/python3.10/site-packages/torch/nn/modules/module.py", line 1562, in _call_impl
    return forward_call(*args, **kwargs)
  File "/HOME/.local/lib/python3.10/site-packages/transformers/models/rt_detr_v2/modeling_rt_detr_v2.py", line 1920, in forward
    outputs = self.model(
  File "/HOME/.local/lib/python3.10/site-packages/torch/nn/modules/module.py", line 1553, in _wrapped_call_impl
    return self._call_impl(*args, **kwargs)
  File "/HOME/.local/lib/python3.10/site-packages/torch/nn/modules/module.py", line 1562, in _call_impl
    return forward_call(*args, **kwargs)
  File "/HOME/.local/lib/python3.10/site-packages/transformers/models/rt_detr_v2/modeling_rt_detr_v2.py", line 1539, in forward
    features = self.backbone(pixel_values, pixel_mask)
  File "/HOME/.local/lib/python3.10/site-packages/torch/nn/modules/module.py", line 1553, in _wrapped_call_impl
    return self._call_impl(*args, **kwargs)
  File "/HOME/.local/lib/python3.10/site-packages/torch/nn/modules/module.py", line 1562, in _call_impl
    return forward_call(*args, **kwargs)
  File "/HOME/.local/lib/python3.10/site-packages/transformers/models/rt_detr_v2/modeling_rt_detr_v2.py", line 865, in forward
    features = self.model(pixel_values).feature_maps
  File "/HOME/.local/lib/python3.10/site-packages/torch/nn/modules/module.py", line 1553, in _wrapped_call_impl
    return self._call_impl(*args, **kwargs)
  File "/HOME/.local/lib/python3.10/site-packages/torch/nn/modules/module.py", line 1562, in _call_impl
    return forward_call(*args, **kwargs)
  File "/HOME/.local/lib/python3.10/site-packages/transformers/models/rt_detr/modeling_rt_detr_resnet.py", line 372, in forward
    embedding_output = self.embedder(pixel_values)
  File "/HOME/.local/lib/python3.10/site-packages/torch/nn/modules/module.py", line 1553, in _wrapped_call_impl
    return self._call_impl(*args, **kwargs)
  File "/HOME/.local/lib/python3.10/site-packages/torch/nn/modules/module.py", line 1562, in _call_impl
    return forward_call(*args, **kwargs)
  File "/HOME/.local/lib/python3.10/site-packages/transformers/models/rt_detr/modeling_rt_detr_resnet.py", line 96, in forward
    embedding = self.embedder(pixel_values)
  File "/HOME/.local/lib/python3.10/site-packages/torch/nn/modules/module.py", line 1553, in _wrapped_call_impl
    return self._call_impl(*args, **kwargs)
  File "/HOME/.local/lib/python3.10/site-packages/torch/nn/modules/module.py", line 1562, in _call_impl
    return forward_call(*args, **kwargs)
  File "/HOME/.local/lib/python3.10/site-packages/torch/nn/modules/container.py", line 219, in forward
    input = module(input)
  File "/HOME/.local/lib/python3.10/site-packages/torch/nn/modules/module.py", line 1553, in _wrapped_call_impl
    return self._call_impl(*args, **kwargs)
  File "/HOME/.local/lib/python3.10/site-packages/torch/nn/modules/module.py", line 1562, in _call_impl
    return forward_call(*args, **kwargs)
  File "/HOME/.local/lib/python3.10/site-packages/transformers/models/rt_detr/modeling_rt_detr_resnet.py", line 50, in forward
    hidden_state = self.normalization(hidden_state)
  File "/HOME/.local/lib/python3.10/site-packages/torch/nn/modules/module.py", line 1553, in _wrapped_call_impl
    return self._call_impl(*args, **kwargs)
  File "/HOME/.local/lib/python3.10/site-packages/torch/nn/modules/module.py", line 1562, in _call_impl
    return forward_call(*args, **kwargs)
  File "/HOME/.local/lib/python3.10/site-packages/transformers/models/rt_detr_v2/modeling_rt_detr_v2.py", line 816, in forward
    return x * scale + bias
torch.OutOfMemoryError: CUDA out of memory. Tried to allocate 100.00 MiB. GPU 0 has a total capacity of 23.68 GiB of which 2.44 MiB is free. Process 3053274 has 9.87 GiB memory in use. Process 3058551 has 4.17 GiB memory in use. Process 3065897 has 5.10 GiB memory in use. Including non-PyTorch memory, this process has 4.53 GiB memory in use. Of the allocated memory 4.26 GiB is allocated by PyTorch, and 27.31 MiB is reserved by PyTorch but unallocated. If reserved but unallocated memory is large try setting PYTORCH_CUDA_ALLOC_CONF=expandable_segments:True to avoid fragmentation.  See documentation for Memory Management  (https://pytorch.org/docs/stable/notes/cuda.html#environment-variables)
Stage layout failed for run 1: CUDA out of memory. Tried to allocate 50.00 MiB. GPU 0 has a total capacity of 23.68 GiB of which 2.44 MiB is free. Process 3053274 has 9.87 GiB memory in use. Process 3058551 has 4.17 GiB memory in use. Process 3065897 has 5.10 GiB memory in use. Including non-PyTorch memory, this process has 4.53 GiB memory in use. Of the allocated memory 4.23 GiB is allocated by PyTorch, and 52.31 MiB is reserved by PyTorch but unallocated. If reserved but unallocated memory is large try setting PYTORCH_CUDA_ALLOC_CONF=expandable_segments:True to avoid fragmentation.  See documentation for Memory Management  (https://pytorch.org/docs/stable/notes/cuda.html#environment-variables)
Traceback (most recent call last):
  File "/HOME/.local/lib/python3.10/site-packages/docling/pipeline/standard_pdf_pipeline.py", line 296, in _process_batch
    processed_pages = list(self.model(good[0].conv_res, pages))  # type: ignore[arg-type]
  File "/HOME/.local/lib/python3.10/site-packages/docling/models/base_layout_model.py", line 35, in __call__
    predictions = self.predict_layout(conv_res, pages)
  File "/HOME/.local/lib/python3.10/site-packages/docling/models/stages/layout/layout_model.py", line 182, in predict_layout
    batch_predictions = self.layout_predictor.predict_batch(  # type: ignore[attr-defined]
  File "/HOME/.local/lib/python3.10/site-packages/torch/utils/_contextlib.py", line 116, in decorate_context
    return func(*args, **kwargs)
  File "/HOME/.local/lib/python3.10/site-packages/docling_ibm_models/layoutmodel/layout_predictor.py", line 218, in predict_batch
    outputs = self._model(**inputs)
  File "/HOME/.local/lib/python3.10/site-packages/torch/nn/modules/module.py", line 1553, in _wrapped_call_impl
    return self._call_impl(*args, **kwargs)
  File "/HOME/.local/lib/python3.10/site-packages/torch/nn/modules/module.py", line 1562, in _call_impl
    return forward_call(*args, **kwargs)
  File "/HOME/.local/lib/python3.10/site-packages/transformers/models/rt_detr_v2/modeling_rt_detr_v2.py", line 1920, in forward
    outputs = self.model(
  File "/HOME/.local/lib/python3.10/site-packages/torch/nn/modules/module.py", line 1553, in _wrapped_call_impl
    return self._call_impl(*args, **kwargs)
  File "/HOME/.local/lib/python3.10/site-packages/torch/nn/modules/module.py", line 1562, in _call_impl
    return forward_call(*args, **kwargs)
  File "/HOME/.local/lib/python3.10/site-packages/transformers/models/rt_detr_v2/modeling_rt_detr_v2.py", line 1539, in forward
    features = self.backbone(pixel_values, pixel_mask)
  File "/HOME/.local/lib/python3.10/site-packages/torch/nn/modules/module.py", line 1553, in _wrapped_call_impl
    return self._call_impl(*args, **kwargs)
  File "/HOME/.local/lib/python3.10/site-packages/torch/nn/modules/module.py", line 1562, in _call_impl
    return forward_call(*args, **kwargs)
  File "/HOME/.local/lib/python3.10/site-packages/transformers/models/rt_detr_v2/modeling_rt_detr_v2.py", line 865, in forward
    features = self.model(pixel_values).feature_maps
  File "/HOME/.local/lib/python3.10/site-packages/torch/nn/modules/module.py", line 1553, in _wrapped_call_impl
    return self._call_impl(*args, **kwargs)
  File "/HOME/.local/lib/python3.10/site-packages/torch/nn/modules/module.py", line 1562, in _call_impl
    return forward_call(*args, **kwargs)
  File "/HOME/.local/lib/python3.10/site-packages/transformers/models/rt_detr/modeling_rt_detr_resnet.py", line 372, in forward
    embedding_output = self.embedder(pixel_values)
  File "/HOME/.local/lib/python3.10/site-packages/torch/nn/modules/module.py", line 1553, in _wrapped_call_impl
    return self._call_impl(*args, **kwargs)
  File "/HOME/.local/lib/python3.10/site-packages/torch/nn/modules/module.py", line 1562, in _call_impl
    return forward_call(*args, **kwargs)
  File "/HOME/.local/lib/python3.10/site-packages/transformers/models/rt_detr/modeling_rt_detr_resnet.py", line 96, in forward
    embedding = self.embedder(pixel_values)
  File "/HOME/.local/lib/python3.10/site-packages/torch/nn/modules/module.py", line 1553, in _wrapped_call_impl
    return self._call_impl(*args, **kwargs)
  File "/HOME/.local/lib/python3.10/site-packages/torch/nn/modules/module.py", line 1562, in _call_impl
    return forward_call(*args, **kwargs)
  File "/HOME/.local/lib/python3.10/site-packages/torch/nn/modules/container.py", line 219, in forward
    input = module(input)
  File "/HOME/.local/lib/python3.10/site-packages/torch/nn/modules/module.py", line 1553, in _wrapped_call_impl
    return self._call_impl(*args, **kwargs)
  File "/HOME/.local/lib/python3.10/site-packages/torch/nn/modules/module.py", line 1562, in _call_impl
    return forward_call(*args, **kwargs)
  File "/HOME/.local/lib/python3.10/site-packages/transformers/models/rt_detr/modeling_rt_detr_resnet.py", line 50, in forward
    hidden_state = self.normalization(hidden_state)
  File "/HOME/.local/lib/python3.10/site-packages/torch/nn/modules/module.py", line 1553, in _wrapped_call_impl
    return self._call_impl(*args, **kwargs)
  File "/HOME/.local/lib/python3.10/site-packages/torch/nn/modules/module.py", line 1562, in _call_impl
    return forward_call(*args, **kwargs)
  File "/HOME/.local/lib/python3.10/site-packages/transformers/models/rt_detr_v2/modeling_rt_detr_v2.py", line 816, in forward
    return x * scale + bias
torch.OutOfMemoryError: CUDA out of memory. Tried to allocate 50.00 MiB. GPU 0 has a total capacity of 23.68 GiB of which 2.44 MiB is free. Process 3053274 has 9.87 GiB memory in use. Process 3058551 has 4.17 GiB memory in use. Process 3065897 has 5.10 GiB memory in use. Including non-PyTorch memory, this process has 4.53 GiB memory in use. Of the allocated memory 4.23 GiB is allocated by PyTorch, and 52.31 MiB is reserved by PyTorch but unallocated. If reserved but unallocated memory is large try setting PYTORCH_CUDA_ALLOC_CONF=expandable_segments:True to avoid fragmentation.  See documentation for Memory Management  (https://pytorch.org/docs/stable/notes/cuda.html#environment-variables)
Stage layout failed for run 1: CUDA out of memory. Tried to allocate 50.00 MiB. GPU 0 has a total capacity of 23.68 GiB of which 2.44 MiB is free. Process 3053274 has 9.87 GiB memory in use. Process 3058551 has 4.17 GiB memory in use. Process 3065897 has 5.10 GiB memory in use. Including non-PyTorch memory, this process has 4.53 GiB memory in use. Of the allocated memory 4.26 GiB is allocated by PyTorch, and 27.31 MiB is reserved by PyTorch but unallocated. If reserved but unallocated memory is large try setting PYTORCH_CUDA_ALLOC_CONF=expandable_segments:True to avoid fragmentation.  See documentation for Memory Management  (https://pytorch.org/docs/stable/notes/cuda.html#environment-variables)
Traceback (most recent call last):
  File "/HOME/.local/lib/python3.10/site-packages/docling/pipeline/standard_pdf_pipeline.py", line 296, in _process_batch
    processed_pages = list(self.model(good[0].conv_res, pages))  # type: ignore[arg-type]
  File "/HOME/.local/lib/python3.10/site-packages/docling/models/base_layout_model.py", line 35, in __call__
    predictions = self.predict_layout(conv_res, pages)
  File "/HOME/.local/lib/python3.10/site-packages/docling/models/stages/layout/layout_model.py", line 182, in predict_layout
    batch_predictions = self.layout_predictor.predict_batch(  # type: ignore[attr-defined]
  File "/HOME/.local/lib/python3.10/site-packages/torch/utils/_contextlib.py", line 116, in decorate_context
    return func(*args, **kwargs)
  File "/HOME/.local/lib/python3.10/site-packages/docling_ibm_models/layoutmodel/layout_predictor.py", line 218, in predict_batch
    outputs = self._model(**inputs)
  File "/HOME/.local/lib/python3.10/site-packages/torch/nn/modules/module.py", line 1553, in _wrapped_call_impl
    return self._call_impl(*args, **kwargs)
  File "/HOME/.local/lib/python3.10/site-packages/torch/nn/modules/module.py", line 1562, in _call_impl
    return forward_call(*args, **kwargs)
  File "/HOME/.local/lib/python3.10/site-packages/transformers/models/rt_detr_v2/modeling_rt_detr_v2.py", line 1920, in forward
    outputs = self.model(
  File "/HOME/.local/lib/python3.10/site-packages/torch/nn/modules/module.py", line 1553, in _wrapped_call_impl
    return self._call_impl(*args, **kwargs)
  File "/HOME/.local/lib/python3.10/site-packages/torch/nn/modules/module.py", line 1562, in _call_impl
    return forward_call(*args, **kwargs)
  File "/HOME/.local/lib/python3.10/site-packages/transformers/models/rt_detr_v2/modeling_rt_detr_v2.py", line 1539, in forward
    features = self.backbone(pixel_values, pixel_mask)
  File "/HOME/.local/lib/python3.10/site-packages/torch/nn/modules/module.py", line 1553, in _wrapped_call_impl
    return self._call_impl(*args, **kwargs)
  File "/HOME/.local/lib/python3.10/site-packages/torch/nn/modules/module.py", line 1562, in _call_impl
    return forward_call(*args, **kwargs)
  File "/HOME/.local/lib/python3.10/site-packages/transformers/models/rt_detr_v2/modeling_rt_detr_v2.py", line 865, in forward
    features = self.model(pixel_values).feature_maps
  File "/HOME/.local/lib/python3.10/site-packages/torch/nn/modules/module.py", line 1553, in _wrapped_call_impl
    return self._call_impl(*args, **kwargs)
  File "/HOME/.local/lib/python3.10/site-packages/torch/nn/modules/module.py", line 1562, in _call_impl
    return forward_call(*args, **kwargs)
  File "/HOME/.local/lib/python3.10/site-packages/transformers/models/rt_detr/modeling_rt_detr_resnet.py", line 372, in forward
    embedding_output = self.embedder(pixel_values)
  File "/HOME/.local/lib/python3.10/site-packages/torch/nn/modules/module.py", line 1553, in _wrapped_call_impl
    return self._call_impl(*args, **kwargs)
  File "/HOME/.local/lib/python3.10/site-packages/torch/nn/modules/module.py", line 1562, in _call_impl
    return forward_call(*args, **kwargs)
  File "/HOME/.local/lib/python3.10/site-packages/transformers/models/rt_detr/modeling_rt_detr_resnet.py", line 96, in forward
    embedding = self.embedder(pixel_values)
  File "/HOME/.local/lib/python3.10/site-packages/torch/nn/modules/module.py", line 1553, in _wrapped_call_impl
    return self._call_impl(*args, **kwargs)
  File "/HOME/.local/lib/python3.10/site-packages/torch/nn/modules/module.py", line 1562, in _call_impl
    return forward_call(*args, **kwargs)
  File "/HOME/.local/lib/python3.10/site-packages/torch/nn/modules/container.py", line 219, in forward
    input = module(input)
  File "/HOME/.local/lib/python3.10/site-packages/torch/nn/modules/module.py", line 1553, in _wrapped_call_impl
    return self._call_impl(*args, **kwargs)
  File "/HOME/.local/lib/python3.10/site-packages/torch/nn/modules/module.py", line 1562, in _call_impl
    return forward_call(*args, **kwargs)
  File "/HOME/.local/lib/python3.10/site-packages/transformers/models/rt_detr/modeling_rt_detr_resnet.py", line 49, in forward
    hidden_state = self.convolution(input)
  File "/HOME/.local/lib/python3.10/site-packages/torch/nn/modules/module.py", line 1553, in _wrapped_call_impl
    return self._call_impl(*args, **kwargs)
  File "/HOME/.local/lib/python3.10/site-packages/torch/nn/modules/module.py", line 1562, in _call_impl
    return forward_call(*args, **kwargs)
  File "/HOME/.local/lib/python3.10/site-packages/torch/nn/modules/conv.py", line 458, in forward
    return self._conv_forward(input, self.weight, self.bias)
  File "/HOME/.local/lib/python3.10/site-packages/torch/nn/modules/conv.py", line 454, in _conv_forward
    return F.conv2d(input, weight, bias, self.stride,
torch.OutOfMemoryError: CUDA out of memory. Tried to allocate 50.00 MiB. GPU 0 has a total capacity of 23.68 GiB of which 2.44 MiB is free. Process 3053274 has 9.87 GiB memory in use. Process 3058551 has 4.17 GiB memory in use. Process 3065897 has 5.10 GiB memory in use. Including non-PyTorch memory, this process has 4.53 GiB memory in use. Of the allocated memory 4.26 GiB is allocated by PyTorch, and 27.31 MiB is reserved by PyTorch but unallocated. If reserved but unallocated memory is large try setting PYTORCH_CUDA_ALLOC_CONF=expandable_segments:True to avoid fragmentation.  See documentation for Memory Management  (https://pytorch.org/docs/stable/notes/cuda.html#environment-variables)
Stage layout failed for run 1: CUDA out of memory. Tried to allocate 14.00 MiB. GPU 0 has a total capacity of 23.68 GiB of which 2.44 MiB is free. Process 3053274 has 9.87 GiB memory in use. Process 3058551 has 4.17 GiB memory in use. Process 3065897 has 5.10 GiB memory in use. Including non-PyTorch memory, this process has 4.53 GiB memory in use. Of the allocated memory 4.28 GiB is allocated by PyTorch, and 7.44 MiB is reserved by PyTorch but unallocated. If reserved but unallocated memory is large try setting PYTORCH_CUDA_ALLOC_CONF=expandable_segments:True to avoid fragmentation.  See documentation for Memory Management  (https://pytorch.org/docs/stable/notes/cuda.html#environment-variables)
Traceback (most recent call last):
  File "/HOME/.local/lib/python3.10/site-packages/docling/pipeline/standard_pdf_pipeline.py", line 296, in _process_batch
    processed_pages = list(self.model(good[0].conv_res, pages))  # type: ignore[arg-type]
  File "/HOME/.local/lib/python3.10/site-packages/docling/models/base_layout_model.py", line 35, in __call__
    predictions = self.predict_layout(conv_res, pages)
  File "/HOME/.local/lib/python3.10/site-packages/docling/models/stages/layout/layout_model.py", line 182, in predict_layout
    batch_predictions = self.layout_predictor.predict_batch(  # type: ignore[attr-defined]
  File "/HOME/.local/lib/python3.10/site-packages/torch/utils/_contextlib.py", line 116, in decorate_context
    return func(*args, **kwargs)
  File "/HOME/.local/lib/python3.10/site-packages/docling_ibm_models/layoutmodel/layout_predictor.py", line 218, in predict_batch
    outputs = self._model(**inputs)
  File "/HOME/.local/lib/python3.10/site-packages/torch/nn/modules/module.py", line 1553, in _wrapped_call_impl
    return self._call_impl(*args, **kwargs)
  File "/HOME/.local/lib/python3.10/site-packages/torch/nn/modules/module.py", line 1562, in _call_impl
    return forward_call(*args, **kwargs)
  File "/HOME/.local/lib/python3.10/site-packages/transformers/models/rt_detr_v2/modeling_rt_detr_v2.py", line 1920, in forward
    outputs = self.model(
  File "/HOME/.local/lib/python3.10/site-packages/torch/nn/modules/module.py", line 1553, in _wrapped_call_impl
    return self._call_impl(*args, **kwargs)
  File "/HOME/.local/lib/python3.10/site-packages/torch/nn/modules/module.py", line 1562, in _call_impl
    return forward_call(*args, **kwargs)
  File "/HOME/.local/lib/python3.10/site-packages/transformers/models/rt_detr_v2/modeling_rt_detr_v2.py", line 1539, in forward
    features = self.backbone(pixel_values, pixel_mask)
  File "/HOME/.local/lib/python3.10/site-packages/torch/nn/modules/module.py", line 1553, in _wrapped_call_impl
    return self._call_impl(*args, **kwargs)
  File "/HOME/.local/lib/python3.10/site-packages/torch/nn/modules/module.py", line 1562, in _call_impl
    return forward_call(*args, **kwargs)
  File "/HOME/.local/lib/python3.10/site-packages/transformers/models/rt_detr_v2/modeling_rt_detr_v2.py", line 865, in forward
    features = self.model(pixel_values).feature_maps
  File "/HOME/.local/lib/python3.10/site-packages/torch/nn/modules/module.py", line 1553, in _wrapped_call_impl
    return self._call_impl(*args, **kwargs)
  File "/HOME/.local/lib/python3.10/site-packages/torch/nn/modules/module.py", line 1562, in _call_impl
    return forward_call(*args, **kwargs)
  File "/HOME/.local/lib/python3.10/site-packages/transformers/models/rt_detr/modeling_rt_detr_resnet.py", line 372, in forward
    embedding_output = self.embedder(pixel_values)
  File "/HOME/.local/lib/python3.10/site-packages/torch/nn/modules/module.py", line 1553, in _wrapped_call_impl
    return self._call_impl(*args, **kwargs)
  File "/HOME/.local/lib/python3.10/site-packages/torch/nn/modules/module.py", line 1562, in _call_impl
    return forward_call(*args, **kwargs)
  File "/HOME/.local/lib/python3.10/site-packages/transformers/models/rt_detr/modeling_rt_detr_resnet.py", line 96, in forward
    embedding = self.embedder(pixel_values)
  File "/HOME/.local/lib/python3.10/site-packages/torch/nn/modules/module.py", line 1553, in _wrapped_call_impl
    return self._call_impl(*args, **kwargs)
  File "/HOME/.local/lib/python3.10/site-packages/torch/nn/modules/module.py", line 1562, in _call_impl
    return forward_call(*args, **kwargs)
  File "/HOME/.local/lib/python3.10/site-packages/torch/nn/modules/container.py", line 219, in forward
    input = module(input)
  File "/HOME/.local/lib/python3.10/site-packages/torch/nn/modules/module.py", line 1553, in _wrapped_call_impl
    return self._call_impl(*args, **kwargs)
  File "/HOME/.local/lib/python3.10/site-packages/torch/nn/modules/module.py", line 1562, in _call_impl
    return forward_call(*args, **kwargs)
  File "/HOME/.local/lib/python3.10/site-packages/transformers/models/rt_detr/modeling_rt_detr_resnet.py", line 50, in forward
    hidden_state = self.normalization(hidden_state)
  File "/HOME/.local/lib/python3.10/site-packages/torch/nn/modules/module.py", line 1553, in _wrapped_call_impl
    return self._call_impl(*args, **kwargs)
  File "/HOME/.local/lib/python3.10/site-packages/torch/nn/modules/module.py", line 1562, in _call_impl
    return forward_call(*args, **kwargs)
  File "/HOME/.local/lib/python3.10/site-packages/transformers/models/rt_detr_v2/modeling_rt_detr_v2.py", line 816, in forward
    return x * scale + bias
torch.OutOfMemoryError: CUDA out of memory. Tried to allocate 14.00 MiB. GPU 0 has a total capacity of 23.68 GiB of which 2.44 MiB is free. Process 3053274 has 9.87 GiB memory in use. Process 3058551 has 4.17 GiB memory in use. Process 3065897 has 5.10 GiB memory in use. Including non-PyTorch memory, this process has 4.53 GiB memory in use. Of the allocated memory 4.28 GiB is allocated by PyTorch, and 7.44 MiB is reserved by PyTorch but unallocated. If reserved but unallocated memory is large try setting PYTORCH_CUDA_ALLOC_CONF=expandable_segments:True to avoid fragmentation.  See documentation for Memory Management  (https://pytorch.org/docs/stable/notes/cuda.html#environment-variables)
Stage layout failed for run 1: CUDA out of memory. Tried to allocate 16.00 MiB. GPU 0 has a total capacity of 23.68 GiB of which 2.44 MiB is free. Process 3053274 has 9.87 GiB memory in use. Process 3058551 has 4.17 GiB memory in use. Process 3065897 has 5.10 GiB memory in use. Including non-PyTorch memory, this process has 4.53 GiB memory in use. Of the allocated memory 4.28 GiB is allocated by PyTorch, and 7.44 MiB is reserved by PyTorch but unallocated. If reserved but unallocated memory is large try setting PYTORCH_CUDA_ALLOC_CONF=expandable_segments:True to avoid fragmentation.  See documentation for Memory Management  (https://pytorch.org/docs/stable/notes/cuda.html#environment-variables)
Traceback (most recent call last):
  File "/HOME/.local/lib/python3.10/site-packages/docling/pipeline/standard_pdf_pipeline.py", line 296, in _process_batch
    processed_pages = list(self.model(good[0].conv_res, pages))  # type: ignore[arg-type]
  File "/HOME/.local/lib/python3.10/site-packages/docling/models/base_layout_model.py", line 35, in __call__
    predictions = self.predict_layout(conv_res, pages)
  File "/HOME/.local/lib/python3.10/site-packages/docling/models/stages/layout/layout_model.py", line 182, in predict_layout
    batch_predictions = self.layout_predictor.predict_batch(  # type: ignore[attr-defined]
  File "/HOME/.local/lib/python3.10/site-packages/torch/utils/_contextlib.py", line 116, in decorate_context
    return func(*args, **kwargs)
  File "/HOME/.local/lib/python3.10/site-packages/docling_ibm_models/layoutmodel/layout_predictor.py", line 215, in predict_batch
    inputs = self._image_processor(images=pil_images, return_tensors="pt").to(
  File "/HOME/.local/lib/python3.10/site-packages/transformers/feature_extraction_utils.py", line 246, in to
    self.data = {k: maybe_to(v) for k, v in self.items()}
  File "/HOME/.local/lib/python3.10/site-packages/transformers/feature_extraction_utils.py", line 246, in <dictcomp>
    self.data = {k: maybe_to(v) for k, v in self.items()}
  File "/HOME/.local/lib/python3.10/site-packages/transformers/feature_extraction_utils.py", line 240, in maybe_to
    return v.to(*args, **kwargs)
torch.OutOfMemoryError: CUDA out of memory. Tried to allocate 16.00 MiB. GPU 0 has a total capacity of 23.68 GiB of which 2.44 MiB is free. Process 3053274 has 9.87 GiB memory in use. Process 3058551 has 4.17 GiB memory in use. Process 3065897 has 5.10 GiB memory in use. Including non-PyTorch memory, this process has 4.53 GiB memory in use. Of the allocated memory 4.28 GiB is allocated by PyTorch, and 7.44 MiB is reserved by PyTorch but unallocated. If reserved but unallocated memory is large try setting PYTORCH_CUDA_ALLOC_CONF=expandable_segments:True to avoid fragmentation.  See documentation for Memory Management  (https://pytorch.org/docs/stable/notes/cuda.html#environment-variables)
Stage layout failed for run 1: CUDA out of memory. Tried to allocate 20.00 MiB. GPU 0 has a total capacity of 23.68 GiB of which 2.44 MiB is free. Process 3053274 has 9.87 GiB memory in use. Process 3058551 has 4.17 GiB memory in use. Process 3065897 has 5.10 GiB memory in use. Including non-PyTorch memory, this process has 4.53 GiB memory in use. Of the allocated memory 4.28 GiB is allocated by PyTorch, and 7.44 MiB is reserved by PyTorch but unallocated. If reserved but unallocated memory is large try setting PYTORCH_CUDA_ALLOC_CONF=expandable_segments:True to avoid fragmentation.  See documentation for Memory Management  (https://pytorch.org/docs/stable/notes/cuda.html#environment-variables)
Traceback (most recent call last):
  File "/HOME/.local/lib/python3.10/site-packages/docling/pipeline/standard_pdf_pipeline.py", line 296, in _process_batch
    processed_pages = list(self.model(good[0].conv_res, pages))  # type: ignore[arg-type]
  File "/HOME/.local/lib/python3.10/site-packages/docling/models/base_layout_model.py", line 35, in __call__
    predictions = self.predict_layout(conv_res, pages)
  File "/HOME/.local/lib/python3.10/site-packages/docling/models/stages/layout/layout_model.py", line 182, in predict_layout
    batch_predictions = self.layout_predictor.predict_batch(  # type: ignore[attr-defined]
  File "/HOME/.local/lib/python3.10/site-packages/torch/utils/_contextlib.py", line 116, in decorate_context
    return func(*args, **kwargs)
  File "/HOME/.local/lib/python3.10/site-packages/docling_ibm_models/layoutmodel/layout_predictor.py", line 215, in predict_batch
    inputs = self._image_processor(images=pil_images, return_tensors="pt").to(
  File "/HOME/.local/lib/python3.10/site-packages/transformers/feature_extraction_utils.py", line 246, in to
    self.data = {k: maybe_to(v) for k, v in self.items()}
  File "/HOME/.local/lib/python3.10/site-packages/transformers/feature_extraction_utils.py", line 246, in <dictcomp>
    self.data = {k: maybe_to(v) for k, v in self.items()}
  File "/HOME/.local/lib/python3.10/site-packages/transformers/feature_extraction_utils.py", line 240, in maybe_to
    return v.to(*args, **kwargs)
torch.OutOfMemoryError: CUDA out of memory. Tried to allocate 20.00 MiB. GPU 0 has a total capacity of 23.68 GiB of which 2.44 MiB is free. Process 3053274 has 9.87 GiB memory in use. Process 3058551 has 4.17 GiB memory in use. Process 3065897 has 5.10 GiB memory in use. Including non-PyTorch memory, this process has 4.53 GiB memory in use. Of the allocated memory 4.28 GiB is allocated by PyTorch, and 7.44 MiB is reserved by PyTorch but unallocated. If reserved but unallocated memory is large try setting PYTORCH_CUDA_ALLOC_CONF=expandable_segments:True to avoid fragmentation.  See documentation for Memory Management  (https://pytorch.org/docs/stable/notes/cuda.html#environment-variables)
Stage ocr failed for run 1: CUDA out of memory. Tried to allocate 30.00 MiB. GPU 0 has a total capacity of 23.68 GiB of which 2.44 MiB is free. Process 3053274 has 9.87 GiB memory in use. Process 3058551 has 4.17 GiB memory in use. Process 3065897 has 5.10 GiB memory in use. Including non-PyTorch memory, this process has 4.53 GiB memory in use. Of the allocated memory 4.28 GiB is allocated by PyTorch, and 7.44 MiB is reserved by PyTorch but unallocated. If reserved but unallocated memory is large try setting PYTORCH_CUDA_ALLOC_CONF=expandable_segments:True to avoid fragmentation.  See documentation for Memory Management  (https://pytorch.org/docs/stable/notes/cuda.html#environment-variables)
Traceback (most recent call last):
  File "/HOME/.local/lib/python3.10/site-packages/docling/pipeline/standard_pdf_pipeline.py", line 296, in _process_batch
    processed_pages = list(self.model(good[0].conv_res, pages))  # type: ignore[arg-type]
  File "/HOME/.local/lib/python3.10/site-packages/docling/models/stages/ocr/auto_ocr_model.py", line 128, in __call__
    yield from self._engine(conv_res, page_batch)
  File "/HOME/.local/lib/python3.10/site-packages/docling/models/stages/ocr/rapid_ocr_model.py", line 272, in __call__
    result = self.reader(
  File "/HOME/.local/lib/python3.10/site-packages/rapidocr/main.py", line 113, in __call__
    det_res, cls_res, rec_res, cropped_img_list = self.run_ocr_steps(img, op_record)
  File "/HOME/.local/lib/python3.10/site-packages/rapidocr/main.py", line 123, in run_ocr_steps
    cropped_img_list, det_res = self.detect_and_crop(img, op_record)
  File "/HOME/.local/lib/python3.10/site-packages/rapidocr/main.py", line 288, in detect_and_crop
    det_res = self.text_det(img)
  File "/HOME/.local/lib/python3.10/site-packages/rapidocr/ch_ppocr_det/main.py", line 61, in __call__
    preds = self.session(prepro_img)
  File "/HOME/.local/lib/python3.10/site-packages/rapidocr/inference_engine/pytorch/main.py", line 22, in __call__
    inp = inp.to(self.device)
torch.OutOfMemoryError: CUDA out of memory. Tried to allocate 30.00 MiB. GPU 0 has a total capacity of 23.68 GiB of which 2.44 MiB is free. Process 3053274 has 9.87 GiB memory in use. Process 3058551 has 4.17 GiB memory in use. Process 3065897 has 5.10 GiB memory in use. Including non-PyTorch memory, this process has 4.53 GiB memory in use. Of the allocated memory 4.28 GiB is allocated by PyTorch, and 7.44 MiB is reserved by PyTorch but unallocated. If reserved but unallocated memory is large try setting PYTORCH_CUDA_ALLOC_CONF=expandable_segments:True to avoid fragmentation.  See documentation for Memory Management  (https://pytorch.org/docs/stable/notes/cuda.html#environment-variables)
Stage layout failed for run 1: CUDA out of memory. Tried to allocate 20.00 MiB. GPU 0 has a total capacity of 23.68 GiB of which 2.44 MiB is free. Process 3053274 has 9.87 GiB memory in use. Process 3058551 has 4.17 GiB memory in use. Process 3065897 has 5.10 GiB memory in use. Including non-PyTorch memory, this process has 4.53 GiB memory in use. Of the allocated memory 4.28 GiB is allocated by PyTorch, and 7.44 MiB is reserved by PyTorch but unallocated. If reserved but unallocated memory is large try setting PYTORCH_CUDA_ALLOC_CONF=expandable_segments:True to avoid fragmentation.  See documentation for Memory Management  (https://pytorch.org/docs/stable/notes/cuda.html#environment-variables)
Traceback (most recent call last):
  File "/HOME/.local/lib/python3.10/site-packages/docling/pipeline/standard_pdf_pipeline.py", line 296, in _process_batch
    processed_pages = list(self.model(good[0].conv_res, pages))  # type: ignore[arg-type]
  File "/HOME/.local/lib/python3.10/site-packages/docling/models/base_layout_model.py", line 35, in __call__
    predictions = self.predict_layout(conv_res, pages)
  File "/HOME/.local/lib/python3.10/site-packages/docling/models/stages/layout/layout_model.py", line 182, in predict_layout
    batch_predictions = self.layout_predictor.predict_batch(  # type: ignore[attr-defined]
  File "/HOME/.local/lib/python3.10/site-packages/torch/utils/_contextlib.py", line 116, in decorate_context
    return func(*args, **kwargs)
  File "/HOME/.local/lib/python3.10/site-packages/docling_ibm_models/layoutmodel/layout_predictor.py", line 215, in predict_batch
    inputs = self._image_processor(images=pil_images, return_tensors="pt").to(
  File "/HOME/.local/lib/python3.10/site-packages/transformers/feature_extraction_utils.py", line 246, in to
    self.data = {k: maybe_to(v) for k, v in self.items()}
  File "/HOME/.local/lib/python3.10/site-packages/transformers/feature_extraction_utils.py", line 246, in <dictcomp>
    self.data = {k: maybe_to(v) for k, v in self.items()}
  File "/HOME/.local/lib/python3.10/site-packages/transformers/feature_extraction_utils.py", line 240, in maybe_to
    return v.to(*args, **kwargs)
torch.OutOfMemoryError: CUDA out of memory. Tried to allocate 20.00 MiB. GPU 0 has a total capacity of 23.68 GiB of which 2.44 MiB is free. Process 3053274 has 9.87 GiB memory in use. Process 3058551 has 4.17 GiB memory in use. Process 3065897 has 5.10 GiB memory in use. Including non-PyTorch memory, this process has 4.53 GiB memory in use. Of the allocated memory 4.28 GiB is allocated by PyTorch, and 7.44 MiB is reserved by PyTorch but unallocated. If reserved but unallocated memory is large try setting PYTORCH_CUDA_ALLOC_CONF=expandable_segments:True to avoid fragmentation.  See documentation for Memory Management  (https://pytorch.org/docs/stable/notes/cuda.html#environment-variables)
Finished converting document 2210.00044v1.pdf in 12.16 sec.
  docling: 0 tables found
  Running marker...
Marker converting 2210.00044v1.pdf
Recognizing Layout:   0%|          | 0/20 [00:00<?, ?it/s]Marker extraction failed: pad_sequence() got an unexpected keyword argument 'padding_side'
Recognizing Layout:   0%|          | 0/20 [00:00<?, ?it/s]
  marker: 0 tables found
  Running mineru...
2026-05-03 03:23:06.028 | INFO     | magic_pdf.data.dataset:__init__:157 - lang: None
Could not get FontBBox from font descriptor because None cannot be parsed as 4 floats
2026-05-03 03:23:07.671 | INFO     | magic_pdf.libs.pdf_check:detect_invalid_chars:67 - cid_count: 5, text_len: 42082, cid_chars_radio: 0.00011891454800580303
MinerU classification for 2210.00044v1.pdf: SupportedPdfParseMethod.TXT
2026-05-03 03:23:08.407 | INFO     | magic_pdf.model.doc_analyze_by_custom_model:doc_analyze:162 - Batch 1/1: 20 pages/20 pages
MinerU model analysis failed (No module named 'rapid_table'), trying basic mode
  mineru: 0 tables found
  Running camelot...
Could not get FontBBox from font descriptor because None cannot be parsed as 4 floats
  camelot: 13 tables found
Cross-backend dedup: 13 raw → 13 valid → 13 unique (13 groups, avg 1.0 variants/table)
HTTP Request: POST https://api.anthropic.com/v1/messages "HTTP/1.1 200 OK"
Paper intelligence: {"tasks": ["Visual Question Answering (VQA)", "Continual Learning", "Classification"], "metrics": ["
HTTP Request: POST https://api.anthropic.com/v1/messages "HTTP/1.1 200 OK"
HTTP Request: POST https://api.anthropic.com/v1/messages "HTTP/1.1 200 OK"
HTTP Request: POST https://api.anthropic.com/v1/messages "HTTP/1.1 200 OK"
HTTP Request: POST https://api.anthropic.com/v1/messages "HTTP/1.1 200 OK"
HTTP Request: POST https://api.anthropic.com/v1/messages "HTTP/1.1 200 OK"
HTTP Request: POST https://api.anthropic.com/v1/messages "HTTP/1.1 200 OK"
HTTP Request: POST https://api.anthropic.com/v1/messages "HTTP/1.1 200 OK"
HTTP Request: POST https://api.anthropic.com/v1/messages "HTTP/1.1 200 OK"
HTTP Request: POST https://api.anthropic.com/v1/messages "HTTP/1.1 200 OK"
HTTP Request: POST https://api.anthropic.com/v1/messages "HTTP/1.1 200 OK"
HTTP Request: POST https://api.anthropic.com/v1/messages "HTTP/1.1 200 OK"
HTTP Request: POST https://api.anthropic.com/v1/messages "HTTP/1.1 200 OK"
HTTP Request: POST https://api.anthropic.com/v1/messages "HTTP/1.1 200 OK"
Table filter: 13 -> 12 relevant tables
HTTP Request: POST https://api.anthropic.com/v1/messages "HTTP/1.1 200 OK"
HTTP Request: POST https://api.anthropic.com/v1/messages "HTTP/1.1 200 OK"
HTTP Request: POST https://api.anthropic.com/v1/messages "HTTP/1.1 200 OK"
HTTP Request: POST https://api.anthropic.com/v1/messages "HTTP/1.1 200 OK"
HTTP Request: POST https://api.anthropic.com/v1/messages "HTTP/1.1 200 OK"
HTTP Request: POST https://api.anthropic.com/v1/messages "HTTP/1.1 200 OK"
HTTP Request: POST https://api.anthropic.com/v1/messages "HTTP/1.1 200 OK"
HTTP Request: POST https://api.anthropic.com/v1/messages "HTTP/1.1 200 OK"
HTTP Request: POST https://api.anthropic.com/v1/messages "HTTP/1.1 200 OK"
HTTP Request: POST https://api.anthropic.com/v1/messages "HTTP/1.1 200 OK"
HTTP Request: POST https://api.anthropic.com/v1/messages "HTTP/1.1 200 OK"
HTTP Request: POST https://api.anthropic.com/v1/messages "HTTP/1.1 200 OK"
HTTP Request: POST https://api.anthropic.com/v1/messages "HTTP/1.1 200 OK"
[2210.00044v1] validation: 418→404 (dropped 14; reason: No numerical results or hyperparameter values appear in the provided paper text;)
Pipeline: 13 tables → 404 raw → 345 deduped
345 tuples (137s)
[2/15] 2210.00055v1... Extracting PDF text from 2210.00055v1.pdf...
Recognizing Layout:   0%|          | 0/16 [00:00<?, ?it/s]Recognizing Layout:   0%|          | 0/16 [00:00<?, ?it/s]
  Running docling...
Docling converting 2210.00055v1.pdf (config: no_ocr_accurate)
detected formats: [<InputFormat.PDF: 'pdf'>]
Going to convert document batch...
Initializing pipeline for StandardPdfPipeline with options hash b56892e70fd34eb2f9ef999169879158
Accelerator device: 'cuda:0'
Accelerator device: 'cuda:0'
Processing document 2210.00055v1.pdf
Stage layout failed for run 1: CUDA out of memory. Tried to allocate 50.00 MiB. GPU 0 has a total capacity of 23.68 GiB of which 46.44 MiB is free. Process 3053274 has 9.87 GiB memory in use. Process 3058551 has 4.20 GiB memory in use. Process 3065897 has 5.00 GiB memory in use. Including non-PyTorch memory, this process has 4.55 GiB memory in use. Of the allocated memory 4.25 GiB is allocated by PyTorch, and 55.13 MiB is reserved by PyTorch but unallocated. If reserved but unallocated memory is large try setting PYTORCH_CUDA_ALLOC_CONF=expandable_segments:True to avoid fragmentation.  See documentation for Memory Management  (https://pytorch.org/docs/stable/notes/cuda.html#environment-variables)
Traceback (most recent call last):
  File "/HOME/.local/lib/python3.10/site-packages/docling/pipeline/standard_pdf_pipeline.py", line 296, in _process_batch
    processed_pages = list(self.model(good[0].conv_res, pages))  # type: ignore[arg-type]
  File "/HOME/.local/lib/python3.10/site-packages/docling/models/base_layout_model.py", line 35, in __call__
    predictions = self.predict_layout(conv_res, pages)
  File "/HOME/.local/lib/python3.10/site-packages/docling/models/stages/layout/layout_model.py", line 182, in predict_layout
    batch_predictions = self.layout_predictor.predict_batch(  # type: ignore[attr-defined]
  File "/HOME/.local/lib/python3.10/site-packages/torch/utils/_contextlib.py", line 116, in decorate_context
    return func(*args, **kwargs)
  File "/HOME/.local/lib/python3.10/site-packages/docling_ibm_models/layoutmodel/layout_predictor.py", line 218, in predict_batch
    outputs = self._model(**inputs)
  File "/HOME/.local/lib/python3.10/site-packages/torch/nn/modules/module.py", line 1553, in _wrapped_call_impl
    return self._call_impl(*args, **kwargs)
  File "/HOME/.local/lib/python3.10/site-packages/torch/nn/modules/module.py", line 1562, in _call_impl
    return forward_call(*args, **kwargs)
  File "/HOME/.local/lib/python3.10/site-packages/transformers/models/rt_detr_v2/modeling_rt_detr_v2.py", line 1920, in forward
    outputs = self.model(
  File "/HOME/.local/lib/python3.10/site-packages/torch/nn/modules/module.py", line 1553, in _wrapped_call_impl
    return self._call_impl(*args, **kwargs)
  File "/HOME/.local/lib/python3.10/site-packages/torch/nn/modules/module.py", line 1562, in _call_impl
    return forward_call(*args, **kwargs)
  File "/HOME/.local/lib/python3.10/site-packages/transformers/models/rt_detr_v2/modeling_rt_detr_v2.py", line 1539, in forward
    features = self.backbone(pixel_values, pixel_mask)
  File "/HOME/.local/lib/python3.10/site-packages/torch/nn/modules/module.py", line 1553, in _wrapped_call_impl
    return self._call_impl(*args, **kwargs)
  File "/HOME/.local/lib/python3.10/site-packages/torch/nn/modules/module.py", line 1562, in _call_impl
    return forward_call(*args, **kwargs)
  File "/HOME/.local/lib/python3.10/site-packages/transformers/models/rt_detr_v2/modeling_rt_detr_v2.py", line 865, in forward
    features = self.model(pixel_values).feature_maps
  File "/HOME/.local/lib/python3.10/site-packages/torch/nn/modules/module.py", line 1553, in _wrapped_call_impl
    return self._call_impl(*args, **kwargs)
  File "/HOME/.local/lib/python3.10/site-packages/torch/nn/modules/module.py", line 1562, in _call_impl
    return forward_call(*args, **kwargs)
  File "/HOME/.local/lib/python3.10/site-packages/transformers/models/rt_detr/modeling_rt_detr_resnet.py", line 372, in forward
    embedding_output = self.embedder(pixel_values)
  File "/HOME/.local/lib/python3.10/site-packages/torch/nn/modules/module.py", line 1553, in _wrapped_call_impl
    return self._call_impl(*args, **kwargs)
  File "/HOME/.local/lib/python3.10/site-packages/torch/nn/modules/module.py", line 1562, in _call_impl
    return forward_call(*args, **kwargs)
  File "/HOME/.local/lib/python3.10/site-packages/transformers/models/rt_detr/modeling_rt_detr_resnet.py", line 96, in forward
    embedding = self.embedder(pixel_values)
  File "/HOME/.local/lib/python3.10/site-packages/torch/nn/modules/module.py", line 1553, in _wrapped_call_impl
    return self._call_impl(*args, **kwargs)
  File "/HOME/.local/lib/python3.10/site-packages/torch/nn/modules/module.py", line 1562, in _call_impl
    return forward_call(*args, **kwargs)
  File "/HOME/.local/lib/python3.10/site-packages/torch/nn/modules/container.py", line 219, in forward
    input = module(input)
  File "/HOME/.local/lib/python3.10/site-packages/torch/nn/modules/module.py", line 1553, in _wrapped_call_impl
    return self._call_impl(*args, **kwargs)
  File "/HOME/.local/lib/python3.10/site-packages/torch/nn/modules/module.py", line 1562, in _call_impl
    return forward_call(*args, **kwargs)
  File "/HOME/.local/lib/python3.10/site-packages/transformers/models/rt_detr/modeling_rt_detr_resnet.py", line 50, in forward
    hidden_state = self.normalization(hidden_state)
  File "/HOME/.local/lib/python3.10/site-packages/torch/nn/modules/module.py", line 1553, in _wrapped_call_impl
    return self._call_impl(*args, **kwargs)
  File "/HOME/.local/lib/python3.10/site-packages/torch/nn/modules/module.py", line 1562, in _call_impl
    return forward_call(*args, **kwargs)
  File "/HOME/.local/lib/python3.10/site-packages/transformers/models/rt_detr_v2/modeling_rt_detr_v2.py", line 816, in forward
    return x * scale + bias
torch.OutOfMemoryError: CUDA out of memory. Tried to allocate 50.00 MiB. GPU 0 has a total capacity of 23.68 GiB of which 46.44 MiB is free. Process 3053274 has 9.87 GiB memory in use. Process 3058551 has 4.20 GiB memory in use. Process 3065897 has 5.00 GiB memory in use. Including non-PyTorch memory, this process has 4.55 GiB memory in use. Of the allocated memory 4.25 GiB is allocated by PyTorch, and 55.13 MiB is reserved by PyTorch but unallocated. If reserved but unallocated memory is large try setting PYTORCH_CUDA_ALLOC_CONF=expandable_segments:True to avoid fragmentation.  See documentation for Memory Management  (https://pytorch.org/docs/stable/notes/cuda.html#environment-variables)
Stage layout failed for run 1: CUDA out of memory. Tried to allocate 26.00 MiB. GPU 0 has a total capacity of 23.68 GiB of which 20.44 MiB is free. Process 3053274 has 9.87 GiB memory in use. Process 3058551 has 4.20 GiB memory in use. Process 3065897 has 5.00 GiB memory in use. Including non-PyTorch memory, this process has 4.57 GiB memory in use. Of the allocated memory 4.27 GiB is allocated by PyTorch, and 62.07 MiB is reserved by PyTorch but unallocated. If reserved but unallocated memory is large try setting PYTORCH_CUDA_ALLOC_CONF=expandable_segments:True to avoid fragmentation.  See documentation for Memory Management  (https://pytorch.org/docs/stable/notes/cuda.html#environment-variables)
Traceback (most recent call last):
  File "/HOME/.local/lib/python3.10/site-packages/docling/pipeline/standard_pdf_pipeline.py", line 296, in _process_batch
    processed_pages = list(self.model(good[0].conv_res, pages))  # type: ignore[arg-type]
  File "/HOME/.local/lib/python3.10/site-packages/docling/models/base_layout_model.py", line 35, in __call__
    predictions = self.predict_layout(conv_res, pages)
  File "/HOME/.local/lib/python3.10/site-packages/docling/models/stages/layout/layout_model.py", line 182, in predict_layout
    batch_predictions = self.layout_predictor.predict_batch(  # type: ignore[attr-defined]
  File "/HOME/.local/lib/python3.10/site-packages/torch/utils/_contextlib.py", line 116, in decorate_context
    return func(*args, **kwargs)
  File "/HOME/.local/lib/python3.10/site-packages/docling_ibm_models/layoutmodel/layout_predictor.py", line 218, in predict_batch
    outputs = self._model(**inputs)
  File "/HOME/.local/lib/python3.10/site-packages/torch/nn/modules/module.py", line 1553, in _wrapped_call_impl
    return self._call_impl(*args, **kwargs)
  File "/HOME/.local/lib/python3.10/site-packages/torch/nn/modules/module.py", line 1562, in _call_impl
    return forward_call(*args, **kwargs)
  File "/HOME/.local/lib/python3.10/site-packages/transformers/models/rt_detr_v2/modeling_rt_detr_v2.py", line 1920, in forward
    outputs = self.model(
  File "/HOME/.local/lib/python3.10/site-packages/torch/nn/modules/module.py", line 1553, in _wrapped_call_impl
    return self._call_impl(*args, **kwargs)
  File "/HOME/.local/lib/python3.10/site-packages/torch/nn/modules/module.py", line 1562, in _call_impl
    return forward_call(*args, **kwargs)
  File "/HOME/.local/lib/python3.10/site-packages/transformers/models/rt_detr_v2/modeling_rt_detr_v2.py", line 1539, in forward
    features = self.backbone(pixel_values, pixel_mask)
  File "/HOME/.local/lib/python3.10/site-packages/torch/nn/modules/module.py", line 1553, in _wrapped_call_impl
    return self._call_impl(*args, **kwargs)
  File "/HOME/.local/lib/python3.10/site-packages/torch/nn/modules/module.py", line 1562, in _call_impl
    return forward_call(*args, **kwargs)
  File "/HOME/.local/lib/python3.10/site-packages/transformers/models/rt_detr_v2/modeling_rt_detr_v2.py", line 865, in forward
    features = self.model(pixel_values).feature_maps
  File "/HOME/.local/lib/python3.10/site-packages/torch/nn/modules/module.py", line 1553, in _wrapped_call_impl
    return self._call_impl(*args, **kwargs)
  File "/HOME/.local/lib/python3.10/site-packages/torch/nn/modules/module.py", line 1562, in _call_impl
    return forward_call(*args, **kwargs)
  File "/HOME/.local/lib/python3.10/site-packages/transformers/models/rt_detr/modeling_rt_detr_resnet.py", line 374, in forward
    outputs = self.encoder(embedding_output, output_hidden_states=True, return_dict=True)
  File "/HOME/.local/lib/python3.10/site-packages/torch/nn/modules/module.py", line 1553, in _wrapped_call_impl
    return self._call_impl(*args, **kwargs)
  File "/HOME/.local/lib/python3.10/site-packages/torch/nn/modules/module.py", line 1562, in _call_impl
    return forward_call(*args, **kwargs)
  File "/HOME/.local/lib/python3.10/site-packages/transformers/models/rt_detr/modeling_rt_detr_resnet.py", line 283, in forward
    hidden_state = stage_module(hidden_state)
  File "/HOME/.local/lib/python3.10/site-packages/torch/nn/modules/module.py", line 1553, in _wrapped_call_impl
    return self._call_impl(*args, **kwargs)
  File "/HOME/.local/lib/python3.10/site-packages/torch/nn/modules/module.py", line 1562, in _call_impl
    return forward_call(*args, **kwargs)
  File "/HOME/.local/lib/python3.10/site-packages/transformers/models/rt_detr/modeling_rt_detr_resnet.py", line 251, in forward
    hidden_state = layer(hidden_state)
  File "/HOME/.local/lib/python3.10/site-packages/torch/nn/modules/module.py", line 1553, in _wrapped_call_impl
    return self._call_impl(*args, **kwargs)
  File "/HOME/.local/lib/python3.10/site-packages/torch/nn/modules/module.py", line 1562, in _call_impl
    return forward_call(*args, **kwargs)
  File "/HOME/.local/lib/python3.10/site-packages/transformers/models/rt_detr/modeling_rt_detr_resnet.py", line 211, in forward
    hidden_state = self.layer(hidden_state)
  File "/HOME/.local/lib/python3.10/site-packages/torch/nn/modules/module.py", line 1553, in _wrapped_call_impl
    return self._call_impl(*args, **kwargs)
  File "/HOME/.local/lib/python3.10/site-packages/torch/nn/modules/module.py", line 1562, in _call_impl
    return forward_call(*args, **kwargs)
  File "/HOME/.local/lib/python3.10/site-packages/torch/nn/modules/container.py", line 219, in forward
    input = module(input)
  File "/HOME/.local/lib/python3.10/site-packages/torch/nn/modules/module.py", line 1553, in _wrapped_call_impl
    return self._call_impl(*args, **kwargs)
  File "/HOME/.local/lib/python3.10/site-packages/torch/nn/modules/module.py", line 1562, in _call_impl
    return forward_call(*args, **kwargs)
  File "/HOME/.local/lib/python3.10/site-packages/transformers/models/rt_detr/modeling_rt_detr_resnet.py", line 50, in forward
    hidden_state = self.normalization(hidden_state)
  File "/HOME/.local/lib/python3.10/site-packages/torch/nn/modules/module.py", line 1553, in _wrapped_call_impl
    return self._call_impl(*args, **kwargs)
  File "/HOME/.local/lib/python3.10/site-packages/torch/nn/modules/module.py", line 1562, in _call_impl
    return forward_call(*args, **kwargs)
  File "/HOME/.local/lib/python3.10/site-packages/transformers/models/rt_detr_v2/modeling_rt_detr_v2.py", line 816, in forward
    return x * scale + bias
torch.OutOfMemoryError: CUDA out of memory. Tried to allocate 26.00 MiB. GPU 0 has a total capacity of 23.68 GiB of which 20.44 MiB is free. Process 3053274 has 9.87 GiB memory in use. Process 3058551 has 4.20 GiB memory in use. Process 3065897 has 5.00 GiB memory in use. Including non-PyTorch memory, this process has 4.57 GiB memory in use. Of the allocated memory 4.27 GiB is allocated by PyTorch, and 62.07 MiB is reserved by PyTorch but unallocated. If reserved but unallocated memory is large try setting PYTORCH_CUDA_ALLOC_CONF=expandable_segments:True to avoid fragmentation.  See documentation for Memory Management  (https://pytorch.org/docs/stable/notes/cuda.html#environment-variables)
Stage layout failed for run 1: CUDA out of memory. Tried to allocate 26.00 MiB. GPU 0 has a total capacity of 23.68 GiB of which 20.44 MiB is free. Process 3053274 has 9.87 GiB memory in use. Process 3058551 has 4.20 GiB memory in use. Process 3065897 has 5.00 GiB memory in use. Including non-PyTorch memory, this process has 4.57 GiB memory in use. Of the allocated memory 4.26 GiB is allocated by PyTorch, and 68.32 MiB is reserved by PyTorch but unallocated. If reserved but unallocated memory is large try setting PYTORCH_CUDA_ALLOC_CONF=expandable_segments:True to avoid fragmentation.  See documentation for Memory Management  (https://pytorch.org/docs/stable/notes/cuda.html#environment-variables)
Traceback (most recent call last):
  File "/HOME/.local/lib/python3.10/site-packages/docling/pipeline/standard_pdf_pipeline.py", line 296, in _process_batch
    processed_pages = list(self.model(good[0].conv_res, pages))  # type: ignore[arg-type]
  File "/HOME/.local/lib/python3.10/site-packages/docling/models/base_layout_model.py", line 35, in __call__
    predictions = self.predict_layout(conv_res, pages)
  File "/HOME/.local/lib/python3.10/site-packages/docling/models/stages/layout/layout_model.py", line 182, in predict_layout
    batch_predictions = self.layout_predictor.predict_batch(  # type: ignore[attr-defined]
  File "/HOME/.local/lib/python3.10/site-packages/torch/utils/_contextlib.py", line 116, in decorate_context
    return func(*args, **kwargs)
  File "/HOME/.local/lib/python3.10/site-packages/docling_ibm_models/layoutmodel/layout_predictor.py", line 218, in predict_batch
    outputs = self._model(**inputs)
  File "/HOME/.local/lib/python3.10/site-packages/torch/nn/modules/module.py", line 1553, in _wrapped_call_impl
    return self._call_impl(*args, **kwargs)
  File "/HOME/.local/lib/python3.10/site-packages/torch/nn/modules/module.py", line 1562, in _call_impl
    return forward_call(*args, **kwargs)
  File "/HOME/.local/lib/python3.10/site-packages/transformers/models/rt_detr_v2/modeling_rt_detr_v2.py", line 1920, in forward
    outputs = self.model(
  File "/HOME/.local/lib/python3.10/site-packages/torch/nn/modules/module.py", line 1553, in _wrapped_call_impl
    return self._call_impl(*args, **kwargs)
  File "/HOME/.local/lib/python3.10/site-packages/torch/nn/modules/module.py", line 1562, in _call_impl
    return forward_call(*args, **kwargs)
  File "/HOME/.local/lib/python3.10/site-packages/transformers/models/rt_detr_v2/modeling_rt_detr_v2.py", line 1539, in forward
    features = self.backbone(pixel_values, pixel_mask)
  File "/HOME/.local/lib/python3.10/site-packages/torch/nn/modules/module.py", line 1553, in _wrapped_call_impl
    return self._call_impl(*args, **kwargs)
  File "/HOME/.local/lib/python3.10/site-packages/torch/nn/modules/module.py", line 1562, in _call_impl
    return forward_call(*args, **kwargs)
  File "/HOME/.local/lib/python3.10/site-packages/transformers/models/rt_detr_v2/modeling_rt_detr_v2.py", line 865, in forward
    features = self.model(pixel_values).feature_maps
  File "/HOME/.local/lib/python3.10/site-packages/torch/nn/modules/module.py", line 1553, in _wrapped_call_impl
    return self._call_impl(*args, **kwargs)
  File "/HOME/.local/lib/python3.10/site-packages/torch/nn/modules/module.py", line 1562, in _call_impl
    return forward_call(*args, **kwargs)
  File "/HOME/.local/lib/python3.10/site-packages/transformers/models/rt_detr/modeling_rt_detr_resnet.py", line 372, in forward
    embedding_output = self.embedder(pixel_values)
  File "/HOME/.local/lib/python3.10/site-packages/torch/nn/modules/module.py", line 1553, in _wrapped_call_impl
    return self._call_impl(*args, **kwargs)
  File "/HOME/.local/lib/python3.10/site-packages/torch/nn/modules/module.py", line 1562, in _call_impl
    return forward_call(*args, **kwargs)
  File "/HOME/.local/lib/python3.10/site-packages/transformers/models/rt_detr/modeling_rt_detr_resnet.py", line 96, in forward
    embedding = self.embedder(pixel_values)
  File "/HOME/.local/lib/python3.10/site-packages/torch/nn/modules/module.py", line 1553, in _wrapped_call_impl
    return self._call_impl(*args, **kwargs)
  File "/HOME/.local/lib/python3.10/site-packages/torch/nn/modules/module.py", line 1562, in _call_impl
    return forward_call(*args, **kwargs)
  File "/HOME/.local/lib/python3.10/site-packages/torch/nn/modules/container.py", line 219, in forward
    input = module(input)
  File "/HOME/.local/lib/python3.10/site-packages/torch/nn/modules/module.py", line 1553, in _wrapped_call_impl
    return self._call_impl(*args, **kwargs)
  File "/HOME/.local/lib/python3.10/site-packages/torch/nn/modules/module.py", line 1562, in _call_impl
    return forward_call(*args, **kwargs)
  File "/HOME/.local/lib/python3.10/site-packages/transformers/models/rt_detr/modeling_rt_detr_resnet.py", line 49, in forward
    hidden_state = self.convolution(input)
  File "/HOME/.local/lib/python3.10/site-packages/torch/nn/modules/module.py", line 1553, in _wrapped_call_impl
    return self._call_impl(*args, **kwargs)
  File "/HOME/.local/lib/python3.10/site-packages/torch/nn/modules/module.py", line 1562, in _call_impl
    return forward_call(*args, **kwargs)
  File "/HOME/.local/lib/python3.10/site-packages/torch/nn/modules/conv.py", line 458, in forward
    return self._conv_forward(input, self.weight, self.bias)
  File "/HOME/.local/lib/python3.10/site-packages/torch/nn/modules/conv.py", line 454, in _conv_forward
    return F.conv2d(input, weight, bias, self.stride,
torch.OutOfMemoryError: CUDA out of memory. Tried to allocate 26.00 MiB. GPU 0 has a total capacity of 23.68 GiB of which 20.44 MiB is free. Process 3053274 has 9.87 GiB memory in use. Process 3058551 has 4.20 GiB memory in use. Process 3065897 has 5.00 GiB memory in use. Including non-PyTorch memory, this process has 4.57 GiB memory in use. Of the allocated memory 4.26 GiB is allocated by PyTorch, and 68.32 MiB is reserved by PyTorch but unallocated. If reserved but unallocated memory is large try setting PYTORCH_CUDA_ALLOC_CONF=expandable_segments:True to avoid fragmentation.  See documentation for Memory Management  (https://pytorch.org/docs/stable/notes/cuda.html#environment-variables)
Stage layout failed for run 1: CUDA out of memory. Tried to allocate 14.00 MiB. GPU 0 has a total capacity of 23.68 GiB of which 6.44 MiB is free. Process 3053274 has 9.87 GiB memory in use. Process 3058551 has 4.20 GiB memory in use. Process 3065897 has 5.00 GiB memory in use. Including non-PyTorch memory, this process has 4.59 GiB memory in use. Of the allocated memory 4.31 GiB is allocated by PyTorch, and 37.57 MiB is reserved by PyTorch but unallocated. If reserved but unallocated memory is large try setting PYTORCH_CUDA_ALLOC_CONF=expandable_segments:True to avoid fragmentation.  See documentation for Memory Management  (https://pytorch.org/docs/stable/notes/cuda.html#environment-variables)
Traceback (most recent call last):
  File "/HOME/.local/lib/python3.10/site-packages/docling/pipeline/standard_pdf_pipeline.py", line 296, in _process_batch
    processed_pages = list(self.model(good[0].conv_res, pages))  # type: ignore[arg-type]
  File "/HOME/.local/lib/python3.10/site-packages/docling/models/base_layout_model.py", line 35, in __call__
    predictions = self.predict_layout(conv_res, pages)
  File "/HOME/.local/lib/python3.10/site-packages/docling/models/stages/layout/layout_model.py", line 182, in predict_layout
    batch_predictions = self.layout_predictor.predict_batch(  # type: ignore[attr-defined]
  File "/HOME/.local/lib/python3.10/site-packages/torch/utils/_contextlib.py", line 116, in decorate_context
    return func(*args, **kwargs)
  File "/HOME/.local/lib/python3.10/site-packages/docling_ibm_models/layoutmodel/layout_predictor.py", line 218, in predict_batch
    outputs = self._model(**inputs)
  File "/HOME/.local/lib/python3.10/site-packages/torch/nn/modules/module.py", line 1553, in _wrapped_call_impl
    return self._call_impl(*args, **kwargs)
  File "/HOME/.local/lib/python3.10/site-packages/torch/nn/modules/module.py", line 1562, in _call_impl
    return forward_call(*args, **kwargs)
  File "/HOME/.local/lib/python3.10/site-packages/transformers/models/rt_detr_v2/modeling_rt_detr_v2.py", line 1920, in forward
    outputs = self.model(
  File "/HOME/.local/lib/python3.10/site-packages/torch/nn/modules/module.py", line 1553, in _wrapped_call_impl
    return self._call_impl(*args, **kwargs)
  File "/HOME/.local/lib/python3.10/site-packages/torch/nn/modules/module.py", line 1562, in _call_impl
    return forward_call(*args, **kwargs)
  File "/HOME/.local/lib/python3.10/site-packages/transformers/models/rt_detr_v2/modeling_rt_detr_v2.py", line 1539, in forward
    features = self.backbone(pixel_values, pixel_mask)
  File "/HOME/.local/lib/python3.10/site-packages/torch/nn/modules/module.py", line 1553, in _wrapped_call_impl
    return self._call_impl(*args, **kwargs)
  File "/HOME/.local/lib/python3.10/site-packages/torch/nn/modules/module.py", line 1562, in _call_impl
    return forward_call(*args, **kwargs)
  File "/HOME/.local/lib/python3.10/site-packages/transformers/models/rt_detr_v2/modeling_rt_detr_v2.py", line 865, in forward
    features = self.model(pixel_values).feature_maps
  File "/HOME/.local/lib/python3.10/site-packages/torch/nn/modules/module.py", line 1553, in _wrapped_call_impl
    return self._call_impl(*args, **kwargs)
  File "/HOME/.local/lib/python3.10/site-packages/torch/nn/modules/module.py", line 1562, in _call_impl
    return forward_call(*args, **kwargs)
  File "/HOME/.local/lib/python3.10/site-packages/transformers/models/rt_detr/modeling_rt_detr_resnet.py", line 372, in forward
    embedding_output = self.embedder(pixel_values)
  File "/HOME/.local/lib/python3.10/site-packages/torch/nn/modules/module.py", line 1553, in _wrapped_call_impl
    return self._call_impl(*args, **kwargs)
  File "/HOME/.local/lib/python3.10/site-packages/torch/nn/modules/module.py", line 1562, in _call_impl
    return forward_call(*args, **kwargs)
  File "/HOME/.local/lib/python3.10/site-packages/transformers/models/rt_detr/modeling_rt_detr_resnet.py", line 96, in forward
    embedding = self.embedder(pixel_values)
  File "/HOME/.local/lib/python3.10/site-packages/torch/nn/modules/module.py", line 1553, in _wrapped_call_impl
    return self._call_impl(*args, **kwargs)
  File "/HOME/.local/lib/python3.10/site-packages/torch/nn/modules/module.py", line 1562, in _call_impl
    return forward_call(*args, **kwargs)
  File "/HOME/.local/lib/python3.10/site-packages/torch/nn/modules/container.py", line 219, in forward
    input = module(input)
  File "/HOME/.local/lib/python3.10/site-packages/torch/nn/modules/module.py", line 1553, in _wrapped_call_impl
    return self._call_impl(*args, **kwargs)
  File "/HOME/.local/lib/python3.10/site-packages/torch/nn/modules/module.py", line 1562, in _call_impl
    return forward_call(*args, **kwargs)
  File "/HOME/.local/lib/python3.10/site-packages/transformers/models/rt_detr/modeling_rt_detr_resnet.py", line 50, in forward
    hidden_state = self.normalization(hidden_state)
  File "/HOME/.local/lib/python3.10/site-packages/torch/nn/modules/module.py", line 1553, in _wrapped_call_impl
    return self._call_impl(*args, **kwargs)
  File "/HOME/.local/lib/python3.10/site-packages/torch/nn/modules/module.py", line 1562, in _call_impl
    return forward_call(*args, **kwargs)
  File "/HOME/.local/lib/python3.10/site-packages/transformers/models/rt_detr_v2/modeling_rt_detr_v2.py", line 816, in forward
    return x * scale + bias
torch.OutOfMemoryError: CUDA out of memory. Tried to allocate 14.00 MiB. GPU 0 has a total capacity of 23.68 GiB of which 6.44 MiB is free. Process 3053274 has 9.87 GiB memory in use. Process 3058551 has 4.20 GiB memory in use. Process 3065897 has 5.00 GiB memory in use. Including non-PyTorch memory, this process has 4.59 GiB memory in use. Of the allocated memory 4.31 GiB is allocated by PyTorch, and 37.57 MiB is reserved by PyTorch but unallocated. If reserved but unallocated memory is large try setting PYTORCH_CUDA_ALLOC_CONF=expandable_segments:True to avoid fragmentation.  See documentation for Memory Management  (https://pytorch.org/docs/stable/notes/cuda.html#environment-variables)
Stage layout failed for run 1: CUDA out of memory. Tried to allocate 14.00 MiB. GPU 0 has a total capacity of 23.68 GiB of which 6.44 MiB is free. Process 3053274 has 9.87 GiB memory in use. Process 3058551 has 4.20 GiB memory in use. Process 3065897 has 5.00 GiB memory in use. Including non-PyTorch memory, this process has 4.59 GiB memory in use. Of the allocated memory 4.30 GiB is allocated by PyTorch, and 43.82 MiB is reserved by PyTorch but unallocated. If reserved but unallocated memory is large try setting PYTORCH_CUDA_ALLOC_CONF=expandable_segments:True to avoid fragmentation.  See documentation for Memory Management  (https://pytorch.org/docs/stable/notes/cuda.html#environment-variables)
Traceback (most recent call last):
  File "/HOME/.local/lib/python3.10/site-packages/docling/pipeline/standard_pdf_pipeline.py", line 296, in _process_batch
    processed_pages = list(self.model(good[0].conv_res, pages))  # type: ignore[arg-type]
  File "/HOME/.local/lib/python3.10/site-packages/docling/models/base_layout_model.py", line 35, in __call__
    predictions = self.predict_layout(conv_res, pages)
  File "/HOME/.local/lib/python3.10/site-packages/docling/models/stages/layout/layout_model.py", line 182, in predict_layout
    batch_predictions = self.layout_predictor.predict_batch(  # type: ignore[attr-defined]
  File "/HOME/.local/lib/python3.10/site-packages/torch/utils/_contextlib.py", line 116, in decorate_context
    return func(*args, **kwargs)
  File "/HOME/.local/lib/python3.10/site-packages/docling_ibm_models/layoutmodel/layout_predictor.py", line 218, in predict_batch
    outputs = self._model(**inputs)
  File "/HOME/.local/lib/python3.10/site-packages/torch/nn/modules/module.py", line 1553, in _wrapped_call_impl
    return self._call_impl(*args, **kwargs)
  File "/HOME/.local/lib/python3.10/site-packages/torch/nn/modules/module.py", line 1562, in _call_impl
    return forward_call(*args, **kwargs)
  File "/HOME/.local/lib/python3.10/site-packages/transformers/models/rt_detr_v2/modeling_rt_detr_v2.py", line 1920, in forward
    outputs = self.model(
  File "/HOME/.local/lib/python3.10/site-packages/torch/nn/modules/module.py", line 1553, in _wrapped_call_impl
    return self._call_impl(*args, **kwargs)
  File "/HOME/.local/lib/python3.10/site-packages/torch/nn/modules/module.py", line 1562, in _call_impl
    return forward_call(*args, **kwargs)
  File "/HOME/.local/lib/python3.10/site-packages/transformers/models/rt_detr_v2/modeling_rt_detr_v2.py", line 1539, in forward
    features = self.backbone(pixel_values, pixel_mask)
  File "/HOME/.local/lib/python3.10/site-packages/torch/nn/modules/module.py", line 1553, in _wrapped_call_impl
    return self._call_impl(*args, **kwargs)
  File "/HOME/.local/lib/python3.10/site-packages/torch/nn/modules/module.py", line 1562, in _call_impl
    return forward_call(*args, **kwargs)
  File "/HOME/.local/lib/python3.10/site-packages/transformers/models/rt_detr_v2/modeling_rt_detr_v2.py", line 865, in forward
    features = self.model(pixel_values).feature_maps
  File "/HOME/.local/lib/python3.10/site-packages/torch/nn/modules/module.py", line 1553, in _wrapped_call_impl
    return self._call_impl(*args, **kwargs)
  File "/HOME/.local/lib/python3.10/site-packages/torch/nn/modules/module.py", line 1562, in _call_impl
    return forward_call(*args, **kwargs)
  File "/HOME/.local/lib/python3.10/site-packages/transformers/models/rt_detr/modeling_rt_detr_resnet.py", line 372, in forward
    embedding_output = self.embedder(pixel_values)
  File "/HOME/.local/lib/python3.10/site-packages/torch/nn/modules/module.py", line 1553, in _wrapped_call_impl
    return self._call_impl(*args, **kwargs)
  File "/HOME/.local/lib/python3.10/site-packages/torch/nn/modules/module.py", line 1562, in _call_impl
    return forward_call(*args, **kwargs)
  File "/HOME/.local/lib/python3.10/site-packages/transformers/models/rt_detr/modeling_rt_detr_resnet.py", line 96, in forward
    embedding = self.embedder(pixel_values)
  File "/HOME/.local/lib/python3.10/site-packages/torch/nn/modules/module.py", line 1553, in _wrapped_call_impl
    return self._call_impl(*args, **kwargs)
  File "/HOME/.local/lib/python3.10/site-packages/torch/nn/modules/module.py", line 1562, in _call_impl
    return forward_call(*args, **kwargs)
  File "/HOME/.local/lib/python3.10/site-packages/torch/nn/modules/container.py", line 219, in forward
    input = module(input)
  File "/HOME/.local/lib/python3.10/site-packages/torch/nn/modules/module.py", line 1553, in _wrapped_call_impl
    return self._call_impl(*args, **kwargs)
  File "/HOME/.local/lib/python3.10/site-packages/torch/nn/modules/module.py", line 1562, in _call_impl
    return forward_call(*args, **kwargs)
  File "/HOME/.local/lib/python3.10/site-packages/transformers/models/rt_detr/modeling_rt_detr_resnet.py", line 49, in forward
    hidden_state = self.convolution(input)
  File "/HOME/.local/lib/python3.10/site-packages/torch/nn/modules/module.py", line 1553, in _wrapped_call_impl
    return self._call_impl(*args, **kwargs)
  File "/HOME/.local/lib/python3.10/site-packages/torch/nn/modules/module.py", line 1562, in _call_impl
    return forward_call(*args, **kwargs)
  File "/HOME/.local/lib/python3.10/site-packages/torch/nn/modules/conv.py", line 458, in forward
    return self._conv_forward(input, self.weight, self.bias)
  File "/HOME/.local/lib/python3.10/site-packages/torch/nn/modules/conv.py", line 454, in _conv_forward
    return F.conv2d(input, weight, bias, self.stride,
torch.OutOfMemoryError: CUDA out of memory. Tried to allocate 14.00 MiB. GPU 0 has a total capacity of 23.68 GiB of which 6.44 MiB is free. Process 3053274 has 9.87 GiB memory in use. Process 3058551 has 4.20 GiB memory in use. Process 3065897 has 5.00 GiB memory in use. Including non-PyTorch memory, this process has 4.59 GiB memory in use. Of the allocated memory 4.30 GiB is allocated by PyTorch, and 43.82 MiB is reserved by PyTorch but unallocated. If reserved but unallocated memory is large try setting PYTORCH_CUDA_ALLOC_CONF=expandable_segments:True to avoid fragmentation.  See documentation for Memory Management  (https://pytorch.org/docs/stable/notes/cuda.html#environment-variables)
Stage layout failed for run 1: CUDA out of memory. Tried to allocate 14.00 MiB. GPU 0 has a total capacity of 23.68 GiB of which 6.44 MiB is free. Process 3053274 has 9.87 GiB memory in use. Process 3058551 has 4.20 GiB memory in use. Process 3065897 has 5.00 GiB memory in use. Including non-PyTorch memory, this process has 4.59 GiB memory in use. Of the allocated memory 4.31 GiB is allocated by PyTorch, and 37.57 MiB is reserved by PyTorch but unallocated. If reserved but unallocated memory is large try setting PYTORCH_CUDA_ALLOC_CONF=expandable_segments:True to avoid fragmentation.  See documentation for Memory Management  (https://pytorch.org/docs/stable/notes/cuda.html#environment-variables)
Traceback (most recent call last):
  File "/HOME/.local/lib/python3.10/site-packages/docling/pipeline/standard_pdf_pipeline.py", line 296, in _process_batch
    processed_pages = list(self.model(good[0].conv_res, pages))  # type: ignore[arg-type]
  File "/HOME/.local/lib/python3.10/site-packages/docling/models/base_layout_model.py", line 35, in __call__
    predictions = self.predict_layout(conv_res, pages)
  File "/HOME/.local/lib/python3.10/site-packages/docling/models/stages/layout/layout_model.py", line 182, in predict_layout
    batch_predictions = self.layout_predictor.predict_batch(  # type: ignore[attr-defined]
  File "/HOME/.local/lib/python3.10/site-packages/torch/utils/_contextlib.py", line 116, in decorate_context
    return func(*args, **kwargs)
  File "/HOME/.local/lib/python3.10/site-packages/docling_ibm_models/layoutmodel/layout_predictor.py", line 218, in predict_batch
    outputs = self._model(**inputs)
  File "/HOME/.local/lib/python3.10/site-packages/torch/nn/modules/module.py", line 1553, in _wrapped_call_impl
    return self._call_impl(*args, **kwargs)
  File "/HOME/.local/lib/python3.10/site-packages/torch/nn/modules/module.py", line 1562, in _call_impl
    return forward_call(*args, **kwargs)
  File "/HOME/.local/lib/python3.10/site-packages/transformers/models/rt_detr_v2/modeling_rt_detr_v2.py", line 1920, in forward
    outputs = self.model(
  File "/HOME/.local/lib/python3.10/site-packages/torch/nn/modules/module.py", line 1553, in _wrapped_call_impl
    return self._call_impl(*args, **kwargs)
  File "/HOME/.local/lib/python3.10/site-packages/torch/nn/modules/module.py", line 1562, in _call_impl
    return forward_call(*args, **kwargs)
  File "/HOME/.local/lib/python3.10/site-packages/transformers/models/rt_detr_v2/modeling_rt_detr_v2.py", line 1539, in forward
    features = self.backbone(pixel_values, pixel_mask)
  File "/HOME/.local/lib/python3.10/site-packages/torch/nn/modules/module.py", line 1553, in _wrapped_call_impl
    return self._call_impl(*args, **kwargs)
  File "/HOME/.local/lib/python3.10/site-packages/torch/nn/modules/module.py", line 1562, in _call_impl
    return forward_call(*args, **kwargs)
  File "/HOME/.local/lib/python3.10/site-packages/transformers/models/rt_detr_v2/modeling_rt_detr_v2.py", line 865, in forward
    features = self.model(pixel_values).feature_maps
  File "/HOME/.local/lib/python3.10/site-packages/torch/nn/modules/module.py", line 1553, in _wrapped_call_impl
    return self._call_impl(*args, **kwargs)
  File "/HOME/.local/lib/python3.10/site-packages/torch/nn/modules/module.py", line 1562, in _call_impl
    return forward_call(*args, **kwargs)
  File "/HOME/.local/lib/python3.10/site-packages/transformers/models/rt_detr/modeling_rt_detr_resnet.py", line 372, in forward
    embedding_output = self.embedder(pixel_values)
  File "/HOME/.local/lib/python3.10/site-packages/torch/nn/modules/module.py", line 1553, in _wrapped_call_impl
    return self._call_impl(*args, **kwargs)
  File "/HOME/.local/lib/python3.10/site-packages/torch/nn/modules/module.py", line 1562, in _call_impl
    return forward_call(*args, **kwargs)
  File "/HOME/.local/lib/python3.10/site-packages/transformers/models/rt_detr/modeling_rt_detr_resnet.py", line 96, in forward
    embedding = self.embedder(pixel_values)
  File "/HOME/.local/lib/python3.10/site-packages/torch/nn/modules/module.py", line 1553, in _wrapped_call_impl
    return self._call_impl(*args, **kwargs)
  File "/HOME/.local/lib/python3.10/site-packages/torch/nn/modules/module.py", line 1562, in _call_impl
    return forward_call(*args, **kwargs)
  File "/HOME/.local/lib/python3.10/site-packages/torch/nn/modules/container.py", line 219, in forward
    input = module(input)
  File "/HOME/.local/lib/python3.10/site-packages/torch/nn/modules/module.py", line 1553, in _wrapped_call_impl
    return self._call_impl(*args, **kwargs)
  File "/HOME/.local/lib/python3.10/site-packages/torch/nn/modules/module.py", line 1562, in _call_impl
    return forward_call(*args, **kwargs)
  File "/HOME/.local/lib/python3.10/site-packages/transformers/models/rt_detr/modeling_rt_detr_resnet.py", line 49, in forward
    hidden_state = self.convolution(input)
  File "/HOME/.local/lib/python3.10/site-packages/torch/nn/modules/module.py", line 1553, in _wrapped_call_impl
    return self._call_impl(*args, **kwargs)
  File "/HOME/.local/lib/python3.10/site-packages/torch/nn/modules/module.py", line 1562, in _call_impl
    return forward_call(*args, **kwargs)
  File "/HOME/.local/lib/python3.10/site-packages/torch/nn/modules/conv.py", line 458, in forward
    return self._conv_forward(input, self.weight, self.bias)
  File "/HOME/.local/lib/python3.10/site-packages/torch/nn/modules/conv.py", line 454, in _conv_forward
    return F.conv2d(input, weight, bias, self.stride,
torch.OutOfMemoryError: CUDA out of memory. Tried to allocate 14.00 MiB. GPU 0 has a total capacity of 23.68 GiB of which 6.44 MiB is free. Process 3053274 has 9.87 GiB memory in use. Process 3058551 has 4.20 GiB memory in use. Process 3065897 has 5.00 GiB memory in use. Including non-PyTorch memory, this process has 4.59 GiB memory in use. Of the allocated memory 4.31 GiB is allocated by PyTorch, and 37.57 MiB is reserved by PyTorch but unallocated. If reserved but unallocated memory is large try setting PYTORCH_CUDA_ALLOC_CONF=expandable_segments:True to avoid fragmentation.  See documentation for Memory Management  (https://pytorch.org/docs/stable/notes/cuda.html#environment-variables)
Stage layout failed for run 1: CUDA out of memory. Tried to allocate 20.00 MiB. GPU 0 has a total capacity of 23.68 GiB of which 6.44 MiB is free. Process 3053274 has 9.87 GiB memory in use. Process 3058551 has 4.20 GiB memory in use. Process 3065897 has 5.00 GiB memory in use. Including non-PyTorch memory, this process has 4.59 GiB memory in use. Of the allocated memory 4.31 GiB is allocated by PyTorch, and 37.57 MiB is reserved by PyTorch but unallocated. If reserved but unallocated memory is large try setting PYTORCH_CUDA_ALLOC_CONF=expandable_segments:True to avoid fragmentation.  See documentation for Memory Management  (https://pytorch.org/docs/stable/notes/cuda.html#environment-variables)
Traceback (most recent call last):
  File "/HOME/.local/lib/python3.10/site-packages/docling/pipeline/standard_pdf_pipeline.py", line 296, in _process_batch
    processed_pages = list(self.model(good[0].conv_res, pages))  # type: ignore[arg-type]
  File "/HOME/.local/lib/python3.10/site-packages/docling/models/base_layout_model.py", line 35, in __call__
    predictions = self.predict_layout(conv_res, pages)
  File "/HOME/.local/lib/python3.10/site-packages/docling/models/stages/layout/layout_model.py", line 182, in predict_layout
    batch_predictions = self.layout_predictor.predict_batch(  # type: ignore[attr-defined]
  File "/HOME/.local/lib/python3.10/site-packages/torch/utils/_contextlib.py", line 116, in decorate_context
    return func(*args, **kwargs)
  File "/HOME/.local/lib/python3.10/site-packages/docling_ibm_models/layoutmodel/layout_predictor.py", line 215, in predict_batch
    inputs = self._image_processor(images=pil_images, return_tensors="pt").to(
  File "/HOME/.local/lib/python3.10/site-packages/transformers/feature_extraction_utils.py", line 246, in to
    self.data = {k: maybe_to(v) for k, v in self.items()}
  File "/HOME/.local/lib/python3.10/site-packages/transformers/feature_extraction_utils.py", line 246, in <dictcomp>
    self.data = {k: maybe_to(v) for k, v in self.items()}
  File "/HOME/.local/lib/python3.10/site-packages/transformers/feature_extraction_utils.py", line 240, in maybe_to
    return v.to(*args, **kwargs)
torch.OutOfMemoryError: CUDA out of memory. Tried to allocate 20.00 MiB. GPU 0 has a total capacity of 23.68 GiB of which 6.44 MiB is free. Process 3053274 has 9.87 GiB memory in use. Process 3058551 has 4.20 GiB memory in use. Process 3065897 has 5.00 GiB memory in use. Including non-PyTorch memory, this process has 4.59 GiB memory in use. Of the allocated memory 4.31 GiB is allocated by PyTorch, and 37.57 MiB is reserved by PyTorch but unallocated. If reserved but unallocated memory is large try setting PYTORCH_CUDA_ALLOC_CONF=expandable_segments:True to avoid fragmentation.  See documentation for Memory Management  (https://pytorch.org/docs/stable/notes/cuda.html#environment-variables)
Stage layout failed for run 1: CUDA out of memory. Tried to allocate 20.00 MiB. GPU 0 has a total capacity of 23.68 GiB of which 6.44 MiB is free. Process 3053274 has 9.87 GiB memory in use. Process 3058551 has 4.20 GiB memory in use. Process 3065897 has 5.00 GiB memory in use. Including non-PyTorch memory, this process has 4.59 GiB memory in use. Of the allocated memory 4.31 GiB is allocated by PyTorch, and 37.57 MiB is reserved by PyTorch but unallocated. If reserved but unallocated memory is large try setting PYTORCH_CUDA_ALLOC_CONF=expandable_segments:True to avoid fragmentation.  See documentation for Memory Management  (https://pytorch.org/docs/stable/notes/cuda.html#environment-variables)
Traceback (most recent call last):
  File "/HOME/.local/lib/python3.10/site-packages/docling/pipeline/standard_pdf_pipeline.py", line 296, in _process_batch
    processed_pages = list(self.model(good[0].conv_res, pages))  # type: ignore[arg-type]
  File "/HOME/.local/lib/python3.10/site-packages/docling/models/base_layout_model.py", line 35, in __call__
    predictions = self.predict_layout(conv_res, pages)
  File "/HOME/.local/lib/python3.10/site-packages/docling/models/stages/layout/layout_model.py", line 182, in predict_layout
    batch_predictions = self.layout_predictor.predict_batch(  # type: ignore[attr-defined]
  File "/HOME/.local/lib/python3.10/site-packages/torch/utils/_contextlib.py", line 116, in decorate_context
    return func(*args, **kwargs)
  File "/HOME/.local/lib/python3.10/site-packages/docling_ibm_models/layoutmodel/layout_predictor.py", line 215, in predict_batch
    inputs = self._image_processor(images=pil_images, return_tensors="pt").to(
  File "/HOME/.local/lib/python3.10/site-packages/transformers/feature_extraction_utils.py", line 246, in to
    self.data = {k: maybe_to(v) for k, v in self.items()}
  File "/HOME/.local/lib/python3.10/site-packages/transformers/feature_extraction_utils.py", line 246, in <dictcomp>
    self.data = {k: maybe_to(v) for k, v in self.items()}
  File "/HOME/.local/lib/python3.10/site-packages/transformers/feature_extraction_utils.py", line 240, in maybe_to
    return v.to(*args, **kwargs)
torch.OutOfMemoryError: CUDA out of memory. Tried to allocate 20.00 MiB. GPU 0 has a total capacity of 23.68 GiB of which 6.44 MiB is free. Process 3053274 has 9.87 GiB memory in use. Process 3058551 has 4.20 GiB memory in use. Process 3065897 has 5.00 GiB memory in use. Including non-PyTorch memory, this process has 4.59 GiB memory in use. Of the allocated memory 4.31 GiB is allocated by PyTorch, and 37.57 MiB is reserved by PyTorch but unallocated. If reserved but unallocated memory is large try setting PYTORCH_CUDA_ALLOC_CONF=expandable_segments:True to avoid fragmentation.  See documentation for Memory Management  (https://pytorch.org/docs/stable/notes/cuda.html#environment-variables)
Stage layout failed for run 1: CUDA out of memory. Tried to allocate 20.00 MiB. GPU 0 has a total capacity of 23.68 GiB of which 6.44 MiB is free. Process 3053274 has 9.87 GiB memory in use. Process 3058551 has 4.20 GiB memory in use. Process 3065897 has 5.00 GiB memory in use. Including non-PyTorch memory, this process has 4.59 GiB memory in use. Of the allocated memory 4.31 GiB is allocated by PyTorch, and 37.57 MiB is reserved by PyTorch but unallocated. If reserved but unallocated memory is large try setting PYTORCH_CUDA_ALLOC_CONF=expandable_segments:True to avoid fragmentation.  See documentation for Memory Management  (https://pytorch.org/docs/stable/notes/cuda.html#environment-variables)
Traceback (most recent call last):
  File "/HOME/.local/lib/python3.10/site-packages/docling/pipeline/standard_pdf_pipeline.py", line 296, in _process_batch
    processed_pages = list(self.model(good[0].conv_res, pages))  # type: ignore[arg-type]
  File "/HOME/.local/lib/python3.10/site-packages/docling/models/base_layout_model.py", line 35, in __call__
    predictions = self.predict_layout(conv_res, pages)
  File "/HOME/.local/lib/python3.10/site-packages/docling/models/stages/layout/layout_model.py", line 182, in predict_layout
    batch_predictions = self.layout_predictor.predict_batch(  # type: ignore[attr-defined]
  File "/HOME/.local/lib/python3.10/site-packages/torch/utils/_contextlib.py", line 116, in decorate_context
    return func(*args, **kwargs)
  File "/HOME/.local/lib/python3.10/site-packages/docling_ibm_models/layoutmodel/layout_predictor.py", line 215, in predict_batch
    inputs = self._image_processor(images=pil_images, return_tensors="pt").to(
  File "/HOME/.local/lib/python3.10/site-packages/transformers/feature_extraction_utils.py", line 246, in to
    self.data = {k: maybe_to(v) for k, v in self.items()}
  File "/HOME/.local/lib/python3.10/site-packages/transformers/feature_extraction_utils.py", line 246, in <dictcomp>
    self.data = {k: maybe_to(v) for k, v in self.items()}
  File "/HOME/.local/lib/python3.10/site-packages/transformers/feature_extraction_utils.py", line 240, in maybe_to
    return v.to(*args, **kwargs)
torch.OutOfMemoryError: CUDA out of memory. Tried to allocate 20.00 MiB. GPU 0 has a total capacity of 23.68 GiB of which 6.44 MiB is free. Process 3053274 has 9.87 GiB memory in use. Process 3058551 has 4.20 GiB memory in use. Process 3065897 has 5.00 GiB memory in use. Including non-PyTorch memory, this process has 4.59 GiB memory in use. Of the allocated memory 4.31 GiB is allocated by PyTorch, and 37.57 MiB is reserved by PyTorch but unallocated. If reserved but unallocated memory is large try setting PYTORCH_CUDA_ALLOC_CONF=expandable_segments:True to avoid fragmentation.  See documentation for Memory Management  (https://pytorch.org/docs/stable/notes/cuda.html#environment-variables)
Stage layout failed for run 1: CUDA out of memory. Tried to allocate 20.00 MiB. GPU 0 has a total capacity of 23.68 GiB of which 6.44 MiB is free. Process 3053274 has 9.87 GiB memory in use. Process 3058551 has 4.20 GiB memory in use. Process 3065897 has 5.00 GiB memory in use. Including non-PyTorch memory, this process has 4.59 GiB memory in use. Of the allocated memory 4.31 GiB is allocated by PyTorch, and 37.57 MiB is reserved by PyTorch but unallocated. If reserved but unallocated memory is large try setting PYTORCH_CUDA_ALLOC_CONF=expandable_segments:True to avoid fragmentation.  See documentation for Memory Management  (https://pytorch.org/docs/stable/notes/cuda.html#environment-variables)
Traceback (most recent call last):
  File "/HOME/.local/lib/python3.10/site-packages/docling/pipeline/standard_pdf_pipeline.py", line 296, in _process_batch
    processed_pages = list(self.model(good[0].conv_res, pages))  # type: ignore[arg-type]
  File "/HOME/.local/lib/python3.10/site-packages/docling/models/base_layout_model.py", line 35, in __call__
    predictions = self.predict_layout(conv_res, pages)
  File "/HOME/.local/lib/python3.10/site-packages/docling/models/stages/layout/layout_model.py", line 182, in predict_layout
    batch_predictions = self.layout_predictor.predict_batch(  # type: ignore[attr-defined]
  File "/HOME/.local/lib/python3.10/site-packages/torch/utils/_contextlib.py", line 116, in decorate_context
    return func(*args, **kwargs)
  File "/HOME/.local/lib/python3.10/site-packages/docling_ibm_models/layoutmodel/layout_predictor.py", line 215, in predict_batch
    inputs = self._image_processor(images=pil_images, return_tensors="pt").to(
  File "/HOME/.local/lib/python3.10/site-packages/transformers/feature_extraction_utils.py", line 246, in to
    self.data = {k: maybe_to(v) for k, v in self.items()}
  File "/HOME/.local/lib/python3.10/site-packages/transformers/feature_extraction_utils.py", line 246, in <dictcomp>
    self.data = {k: maybe_to(v) for k, v in self.items()}
  File "/HOME/.local/lib/python3.10/site-packages/transformers/feature_extraction_utils.py", line 240, in maybe_to
    return v.to(*args, **kwargs)
torch.OutOfMemoryError: CUDA out of memory. Tried to allocate 20.00 MiB. GPU 0 has a total capacity of 23.68 GiB of which 6.44 MiB is free. Process 3053274 has 9.87 GiB memory in use. Process 3058551 has 4.20 GiB memory in use. Process 3065897 has 5.00 GiB memory in use. Including non-PyTorch memory, this process has 4.59 GiB memory in use. Of the allocated memory 4.31 GiB is allocated by PyTorch, and 37.57 MiB is reserved by PyTorch but unallocated. If reserved but unallocated memory is large try setting PYTORCH_CUDA_ALLOC_CONF=expandable_segments:True to avoid fragmentation.  See documentation for Memory Management  (https://pytorch.org/docs/stable/notes/cuda.html#environment-variables)
Stage layout failed for run 1: CUDA out of memory. Tried to allocate 20.00 MiB. GPU 0 has a total capacity of 23.68 GiB of which 6.44 MiB is free. Process 3053274 has 9.87 GiB memory in use. Process 3058551 has 4.20 GiB memory in use. Process 3065897 has 5.00 GiB memory in use. Including non-PyTorch memory, this process has 4.59 GiB memory in use. Of the allocated memory 4.31 GiB is allocated by PyTorch, and 37.57 MiB is reserved by PyTorch but unallocated. If reserved but unallocated memory is large try setting PYTORCH_CUDA_ALLOC_CONF=expandable_segments:True to avoid fragmentation.  See documentation for Memory Management  (https://pytorch.org/docs/stable/notes/cuda.html#environment-variables)
Traceback (most recent call last):
  File "/HOME/.local/lib/python3.10/site-packages/docling/pipeline/standard_pdf_pipeline.py", line 296, in _process_batch
    processed_pages = list(self.model(good[0].conv_res, pages))  # type: ignore[arg-type]
  File "/HOME/.local/lib/python3.10/site-packages/docling/models/base_layout_model.py", line 35, in __call__
    predictions = self.predict_layout(conv_res, pages)
  File "/HOME/.local/lib/python3.10/site-packages/docling/models/stages/layout/layout_model.py", line 182, in predict_layout
    batch_predictions = self.layout_predictor.predict_batch(  # type: ignore[attr-defined]
  File "/HOME/.local/lib/python3.10/site-packages/torch/utils/_contextlib.py", line 116, in decorate_context
    return func(*args, **kwargs)
  File "/HOME/.local/lib/python3.10/site-packages/docling_ibm_models/layoutmodel/layout_predictor.py", line 215, in predict_batch
    inputs = self._image_processor(images=pil_images, return_tensors="pt").to(
  File "/HOME/.local/lib/python3.10/site-packages/transformers/feature_extraction_utils.py", line 246, in to
    self.data = {k: maybe_to(v) for k, v in self.items()}
  File "/HOME/.local/lib/python3.10/site-packages/transformers/feature_extraction_utils.py", line 246, in <dictcomp>
    self.data = {k: maybe_to(v) for k, v in self.items()}
  File "/HOME/.local/lib/python3.10/site-packages/transformers/feature_extraction_utils.py", line 240, in maybe_to
    return v.to(*args, **kwargs)
torch.OutOfMemoryError: CUDA out of memory. Tried to allocate 20.00 MiB. GPU 0 has a total capacity of 23.68 GiB of which 6.44 MiB is free. Process 3053274 has 9.87 GiB memory in use. Process 3058551 has 4.20 GiB memory in use. Process 3065897 has 5.00 GiB memory in use. Including non-PyTorch memory, this process has 4.59 GiB memory in use. Of the allocated memory 4.31 GiB is allocated by PyTorch, and 37.57 MiB is reserved by PyTorch but unallocated. If reserved but unallocated memory is large try setting PYTORCH_CUDA_ALLOC_CONF=expandable_segments:True to avoid fragmentation.  See documentation for Memory Management  (https://pytorch.org/docs/stable/notes/cuda.html#environment-variables)
Stage layout failed for run 1: CUDA out of memory. Tried to allocate 20.00 MiB. GPU 0 has a total capacity of 23.68 GiB of which 6.44 MiB is free. Process 3053274 has 9.87 GiB memory in use. Process 3058551 has 4.20 GiB memory in use. Process 3065897 has 5.00 GiB memory in use. Including non-PyTorch memory, this process has 4.59 GiB memory in use. Of the allocated memory 4.31 GiB is allocated by PyTorch, and 37.57 MiB is reserved by PyTorch but unallocated. If reserved but unallocated memory is large try setting PYTORCH_CUDA_ALLOC_CONF=expandable_segments:True to avoid fragmentation.  See documentation for Memory Management  (https://pytorch.org/docs/stable/notes/cuda.html#environment-variables)
Traceback (most recent call last):
  File "/HOME/.local/lib/python3.10/site-packages/docling/pipeline/standard_pdf_pipeline.py", line 296, in _process_batch
    processed_pages = list(self.model(good[0].conv_res, pages))  # type: ignore[arg-type]
  File "/HOME/.local/lib/python3.10/site-packages/docling/models/base_layout_model.py", line 35, in __call__
    predictions = self.predict_layout(conv_res, pages)
  File "/HOME/.local/lib/python3.10/site-packages/docling/models/stages/layout/layout_model.py", line 182, in predict_layout
    batch_predictions = self.layout_predictor.predict_batch(  # type: ignore[attr-defined]
  File "/HOME/.local/lib/python3.10/site-packages/torch/utils/_contextlib.py", line 116, in decorate_context
    return func(*args, **kwargs)
  File "/HOME/.local/lib/python3.10/site-packages/docling_ibm_models/layoutmodel/layout_predictor.py", line 215, in predict_batch
    inputs = self._image_processor(images=pil_images, return_tensors="pt").to(
  File "/HOME/.local/lib/python3.10/site-packages/transformers/feature_extraction_utils.py", line 246, in to
    self.data = {k: maybe_to(v) for k, v in self.items()}
  File "/HOME/.local/lib/python3.10/site-packages/transformers/feature_extraction_utils.py", line 246, in <dictcomp>
    self.data = {k: maybe_to(v) for k, v in self.items()}
  File "/HOME/.local/lib/python3.10/site-packages/transformers/feature_extraction_utils.py", line 240, in maybe_to
    return v.to(*args, **kwargs)
torch.OutOfMemoryError: CUDA out of memory. Tried to allocate 20.00 MiB. GPU 0 has a total capacity of 23.68 GiB of which 6.44 MiB is free. Process 3053274 has 9.87 GiB memory in use. Process 3058551 has 4.20 GiB memory in use. Process 3065897 has 5.00 GiB memory in use. Including non-PyTorch memory, this process has 4.59 GiB memory in use. Of the allocated memory 4.31 GiB is allocated by PyTorch, and 37.57 MiB is reserved by PyTorch but unallocated. If reserved but unallocated memory is large try setting PYTORCH_CUDA_ALLOC_CONF=expandable_segments:True to avoid fragmentation.  See documentation for Memory Management  (https://pytorch.org/docs/stable/notes/cuda.html#environment-variables)
Finished converting document 2210.00055v1.pdf in 7.54 sec.
Docling attempt 1 found no tables, trying next config
Docling converting 2210.00055v1.pdf (config: with_ocr_accurate)
detected formats: [<InputFormat.PDF: 'pdf'>]
Going to convert document batch...
Initializing pipeline for StandardPdfPipeline with options hash a6a2eef09bfdbd6bdaeaf15fcaebde59
rapidocr cannot be used because onnxruntime is not installed.
easyocr cannot be used because it is not installed.
Accelerator device: 'cuda:0'
[32m[INFO] 2026-05-03 03:24:53,552 [RapidOCR] base.py:22: Using engine_name: torch[0m
[32m[INFO] 2026-05-03 03:24:53,553 [RapidOCR] device_config.py:64: Using GPU device with ID: 0[0m
[32m[INFO] 2026-05-03 03:24:53,606 [RapidOCR] download_file.py:60: File exists and is valid: /HOME/.local/lib/python3.10/site-packages/rapidocr/models/ch_PP-OCRv4_det_infer.pth[0m
[32m[INFO] 2026-05-03 03:24:53,606 [RapidOCR] main.py:50: Using /HOME/.local/lib/python3.10/site-packages/rapidocr/models/ch_PP-OCRv4_det_infer.pth[0m
[32m[INFO] 2026-05-03 03:24:53,919 [RapidOCR] base.py:22: Using engine_name: torch[0m
[32m[INFO] 2026-05-03 03:24:53,920 [RapidOCR] device_config.py:64: Using GPU device with ID: 0[0m
[32m[INFO] 2026-05-03 03:24:53,926 [RapidOCR] download_file.py:60: File exists and is valid: /HOME/.local/lib/python3.10/site-packages/rapidocr/models/ch_ptocr_mobile_v2.0_cls_infer.pth[0m
[32m[INFO] 2026-05-03 03:24:53,926 [RapidOCR] main.py:50: Using /HOME/.local/lib/python3.10/site-packages/rapidocr/models/ch_ptocr_mobile_v2.0_cls_infer.pth[0m
[32m[INFO] 2026-05-03 03:24:54,037 [RapidOCR] base.py:22: Using engine_name: torch[0m
[32m[INFO] 2026-05-03 03:24:54,038 [RapidOCR] device_config.py:64: Using GPU device with ID: 0[0m
[32m[INFO] 2026-05-03 03:24:54,113 [RapidOCR] download_file.py:60: File exists and is valid: /HOME/.local/lib/python3.10/site-packages/rapidocr/models/ch_PP-OCRv4_rec_infer.pth[0m
[32m[INFO] 2026-05-03 03:24:54,114 [RapidOCR] main.py:50: Using /HOME/.local/lib/python3.10/site-packages/rapidocr/models/ch_PP-OCRv4_rec_infer.pth[0m
Auto OCR model selected rapidocr with torch.
Accelerator device: 'cuda:0'
Docling extraction failed: CUDA out of memory. Tried to allocate 2.00 MiB. GPU 0 has a total capacity of 23.68 GiB of which 2.44 MiB is free. Process 3053274 has 9.87 GiB memory in use. Process 3058551 has 4.20 GiB memory in use. Process 3065897 has 5.00 GiB memory in use. Including non-PyTorch memory, this process has 4.59 GiB memory in use. Of the allocated memory 4.30 GiB is allocated by PyTorch, and 45.82 MiB is reserved by PyTorch but unallocated. If reserved but unallocated memory is large try setting PYTORCH_CUDA_ALLOC_CONF=expandable_segments:True to avoid fragmentation.  See documentation for Memory Management  (https://pytorch.org/docs/stable/notes/cuda.html#environment-variables)
  docling: 0 tables found
  Running marker...
Marker converting 2210.00055v1.pdf
Recognizing Layout:   0%|          | 0/16 [00:00<?, ?it/s]Marker extraction failed: pad_sequence() got an unexpected keyword argument 'padding_side'
Recognizing Layout:   0%|          | 0/16 [00:00<?, ?it/s]
  marker: 0 tables found
  Running mineru...
2026-05-03 03:24:58.373 | INFO     | magic_pdf.data.dataset:__init__:157 - lang: None
2026-05-03 03:24:59.946 | INFO     | magic_pdf.libs.pdf_check:detect_invalid_chars:67 - cid_count: 8, text_len: 33904, cid_chars_radio: 0.00023637867864318638
MinerU classification for 2210.00055v1.pdf: SupportedPdfParseMethod.TXT
2026-05-03 03:25:00.228 | INFO     | magic_pdf.model.doc_analyze_by_custom_model:doc_analyze:162 - Batch 1/1: 16 pages/16 pages
MinerU model analysis failed (No module named 'rapid_table'), trying basic mode
  mineru: 0 tables found
  Running camelot...
/HOME/.local/lib/python3.10/site-packages/camelot/parsers/base.py:238: UserWarning: No tables found in table area (98.0, 59.848078400000006, 514.6704934076001, 276.968462640861)
  cols, rows, v_s, h_s = self._generate_columns_and_rows(bbox, user_cols)
  camelot: 3 tables found
Cross-backend dedup: 3 raw → 3 valid → 3 unique (3 groups, avg 1.0 variants/table)
HTTP Request: POST https://api.anthropic.com/v1/messages "HTTP/1.1 200 OK"
Paper intelligence: {"tasks": ["classification", "selective classification (classification with rejection option)"], "me
HTTP Request: POST https://api.anthropic.com/v1/messages "HTTP/1.1 200 OK"
HTTP Request: POST https://api.anthropic.com/v1/messages "HTTP/1.1 200 OK"
HTTP Request: POST https://api.anthropic.com/v1/messages "HTTP/1.1 200 OK"
Table filter: 3 -> 3 relevant tables
HTTP Request: POST https://api.anthropic.com/v1/messages "HTTP/1.1 200 OK"
HTTP Request: POST https://api.anthropic.com/v1/messages "HTTP/1.1 200 OK"
HTTP Request: POST https://api.anthropic.com/v1/messages "HTTP/1.1 200 OK"
HTTP Request: POST https://api.anthropic.com/v1/messages "HTTP/1.1 200 OK"
[2210.00055v1] validation: 138→135 (dropped 3; reason: Values 2.0, 0.6, and 1.2 are implausibly low for accuracy metrics on CelebA clas)
Pipeline: 3 tables → 135 raw → 135 deduped
135 tuples (57s)
[3/15] 2210.00084v1... Extracting PDF text from 2210.00084v1.pdf...
Recognizing Layout:   0%|          | 0/18 [00:00<?, ?it/s]Recognizing Layout:   0%|          | 0/18 [00:00<?, ?it/s]
  Running docling...
Docling converting 2210.00084v1.pdf (config: no_ocr_accurate)
detected formats: [<InputFormat.PDF: 'pdf'>]
Going to convert document batch...
Initializing pipeline for StandardPdfPipeline with options hash b56892e70fd34eb2f9ef999169879158
Accelerator device: 'cuda:0'
Accelerator device: 'cuda:0'
Docling extraction failed: CUDA out of memory. Tried to allocate 20.00 MiB. GPU 0 has a total capacity of 23.68 GiB of which 10.44 MiB is free. Process 3053274 has 9.88 GiB memory in use. Process 3058551 has 4.20 GiB memory in use. Process 3065897 has 5.02 GiB memory in use. Including non-PyTorch memory, this process has 4.55 GiB memory in use. Of the allocated memory 4.26 GiB is allocated by PyTorch, and 46.65 MiB is reserved by PyTorch but unallocated. If reserved but unallocated memory is large try setting PYTORCH_CUDA_ALLOC_CONF=expandable_segments:True to avoid fragmentation.  See documentation for Memory Management  (https://pytorch.org/docs/stable/notes/cuda.html#environment-variables)
Docling attempt 1 found no tables, trying next config
Docling converting 2210.00084v1.pdf (config: with_ocr_accurate)
detected formats: [<InputFormat.PDF: 'pdf'>]
Going to convert document batch...
Initializing pipeline for StandardPdfPipeline with options hash a6a2eef09bfdbd6bdaeaf15fcaebde59
rapidocr cannot be used because onnxruntime is not installed.
easyocr cannot be used because it is not installed.
Accelerator device: 'cuda:0'
[32m[INFO] 2026-05-03 03:25:46,389 [RapidOCR] base.py:22: Using engine_name: torch[0m
[32m[INFO] 2026-05-03 03:25:46,389 [RapidOCR] device_config.py:64: Using GPU device with ID: 0[0m
[32m[INFO] 2026-05-03 03:25:46,433 [RapidOCR] download_file.py:60: File exists and is valid: /HOME/.local/lib/python3.10/site-packages/rapidocr/models/ch_PP-OCRv4_det_infer.pth[0m
[32m[INFO] 2026-05-03 03:25:46,433 [RapidOCR] main.py:50: Using /HOME/.local/lib/python3.10/site-packages/rapidocr/models/ch_PP-OCRv4_det_infer.pth[0m
[32m[INFO] 2026-05-03 03:25:46,707 [RapidOCR] base.py:22: Using engine_name: torch[0m
[32m[INFO] 2026-05-03 03:25:46,708 [RapidOCR] device_config.py:64: Using GPU device with ID: 0[0m
[32m[INFO] 2026-05-03 03:25:46,715 [RapidOCR] download_file.py:60: File exists and is valid: /HOME/.local/lib/python3.10/site-packages/rapidocr/models/ch_ptocr_mobile_v2.0_cls_infer.pth[0m
[32m[INFO] 2026-05-03 03:25:46,715 [RapidOCR] main.py:50: Using /HOME/.local/lib/python3.10/site-packages/rapidocr/models/ch_ptocr_mobile_v2.0_cls_infer.pth[0m
[32m[INFO] 2026-05-03 03:25:46,824 [RapidOCR] base.py:22: Using engine_name: torch[0m
[32m[INFO] 2026-05-03 03:25:46,824 [RapidOCR] device_config.py:64: Using GPU device with ID: 0[0m
[32m[INFO] 2026-05-03 03:25:46,908 [RapidOCR] download_file.py:60: File exists and is valid: /HOME/.local/lib/python3.10/site-packages/rapidocr/models/ch_PP-OCRv4_rec_infer.pth[0m
[32m[INFO] 2026-05-03 03:25:46,908 [RapidOCR] main.py:50: Using /HOME/.local/lib/python3.10/site-packages/rapidocr/models/ch_PP-OCRv4_rec_infer.pth[0m
Auto OCR model selected rapidocr with torch.
Accelerator device: 'cuda:0'
Accelerator device: 'cuda:0'
Docling extraction failed: CUDA out of memory. Tried to allocate 20.00 MiB. GPU 0 has a total capacity of 23.68 GiB of which 18.44 MiB is free. Process 3053274 has 9.88 GiB memory in use. Process 3058551 has 4.20 GiB memory in use. Process 3065897 has 5.01 GiB memory in use. Including non-PyTorch memory, this process has 4.55 GiB memory in use. Of the allocated memory 4.26 GiB is allocated by PyTorch, and 47.60 MiB is reserved by PyTorch but unallocated. If reserved but unallocated memory is large try setting PYTORCH_CUDA_ALLOC_CONF=expandable_segments:True to avoid fragmentation.  See documentation for Memory Management  (https://pytorch.org/docs/stable/notes/cuda.html#environment-variables)
  docling: 0 tables found
  Running marker...
Marker converting 2210.00084v1.pdf
Marker extraction failed: CUDA out of memory. Tried to allocate 14.00 MiB. GPU 0 has a total capacity of 23.68 GiB of which 4.44 MiB is free. Process 3053274 has 9.88 GiB memory in use. Process 3058551 has 4.20 GiB memory in use. Process 3065897 has 5.02 GiB memory in use. Including non-PyTorch memory, this process has 4.55 GiB memory in use. Of the allocated memory 4.16 GiB is allocated by PyTorch, and 148.79 MiB is reserved by PyTorch but unallocated. If reserved but unallocated memory is large try setting PYTORCH_CUDA_ALLOC_CONF=expandable_segments:True to avoid fragmentation.  See documentation for Memory Management  (https://pytorch.org/docs/stable/notes/cuda.html#environment-variables)
  marker: 0 tables found
  Running mineru...
2026-05-03 03:25:52.302 | INFO     | magic_pdf.data.dataset:__init__:157 - lang: None
2026-05-03 03:25:53.783 | INFO     | magic_pdf.libs.pdf_check:detect_invalid_chars:67 - cid_count: 6, text_len: 28883, cid_chars_radio: 0.0002080804577770071
MinerU classification for 2210.00084v1.pdf: SupportedPdfParseMethod.TXT
2026-05-03 03:25:54.231 | INFO     | magic_pdf.model.doc_analyze_by_custom_model:doc_analyze:162 - Batch 1/1: 18 pages/18 pages
MinerU model analysis failed (No module named 'rapid_table'), trying basic mode
  mineru: 0 tables found
  Running camelot...
/HOME/.local/lib/python3.10/site-packages/camelot/parsers/base.py:238: UserWarning: No tables found in table area (107.664, 60.06325760000003, 320.30936319999995, 187.47061662000004)
  cols, rows, v_s, h_s = self._generate_columns_and_rows(bbox, user_cols)
  camelot: 10 tables found
Cross-backend dedup: 10 raw → 10 valid → 10 unique (10 groups, avg 1.0 variants/table)
HTTP Request: POST https://api.anthropic.com/v1/messages "HTTP/1.1 200 OK"
Paper intelligence: {"tasks": ["node classification", "graph classification", "few-shot learning"], "metrics": ["accurac
HTTP Request: POST https://api.anthropic.com/v1/messages "HTTP/1.1 200 OK"
HTTP Request: POST https://api.anthropic.com/v1/messages "HTTP/1.1 200 OK"
HTTP Request: POST https://api.anthropic.com/v1/messages "HTTP/1.1 200 OK"
HTTP Request: POST https://api.anthropic.com/v1/messages "HTTP/1.1 200 OK"
HTTP Request: POST https://api.anthropic.com/v1/messages "HTTP/1.1 200 OK"
HTTP Request: POST https://api.anthropic.com/v1/messages "HTTP/1.1 200 OK"
HTTP Request: POST https://api.anthropic.com/v1/messages "HTTP/1.1 200 OK"
HTTP Request: POST https://api.anthropic.com/v1/messages "HTTP/1.1 200 OK"
HTTP Request: POST https://api.anthropic.com/v1/messages "HTTP/1.1 200 OK"
HTTP Request: POST https://api.anthropic.com/v1/messages "HTTP/1.1 200 OK"
Table filter: 10 -> 10 relevant tables
HTTP Request: POST https://api.anthropic.com/v1/messages "HTTP/1.1 200 OK"
HTTP Request: POST https://api.anthropic.com/v1/messages "HTTP/1.1 200 OK"
HTTP Request: POST https://api.anthropic.com/v1/messages "HTTP/1.1 200 OK"
HTTP Request: POST https://api.anthropic.com/v1/messages "HTTP/1.1 200 OK"
HTTP Request: POST https://api.anthropic.com/v1/messages "HTTP/1.1 200 OK"
HTTP Request: POST https://api.anthropic.com/v1/messages "HTTP/1.1 200 OK"
HTTP Request: POST https://api.anthropic.com/v1/messages "HTTP/1.1 200 OK"
HTTP Request: POST https://api.anthropic.com/v1/messages "HTTP/1.1 200 OK"
HTTP Request: POST https://api.anthropic.com/v1/messages "HTTP/1.1 200 OK"
HTTP Request: POST https://api.anthropic.com/v1/messages "HTTP/1.1 200 OK"
HTTP Request: POST https://api.anthropic.com/v1/messages "HTTP/1.1 200 OK"
[2210.00084v1] validation: 218→206 (dropped 12; reason: These entries have values (1.5-4.1) that appear to be standard deviations/error )
Pipeline: 10 tables → 206 raw → 183 deduped
183 tuples (74s)
[4/15] 2210.00193v1... Extracting PDF text from 2210.00193v1.pdf...
  Running docling...
Docling converting 2210.00193v1.pdf (config: no_ocr_accurate)
detected formats: [<InputFormat.PDF: 'pdf'>]
Going to convert document batch...
Initializing pipeline for StandardPdfPipeline with options hash b56892e70fd34eb2f9ef999169879158
Accelerator device: 'cuda:0'
Accelerator device: 'cuda:0'
Docling extraction failed: CUDA out of memory. Tried to allocate 20.00 MiB. GPU 0 has a total capacity of 23.68 GiB of which 12.44 MiB is free. Process 3053274 has 9.89 GiB memory in use. Process 3058551 has 4.20 GiB memory in use. Process 3065897 has 5.02 GiB memory in use. Including non-PyTorch memory, this process has 4.54 GiB memory in use. Of the allocated memory 4.25 GiB is allocated by PyTorch, and 49.43 MiB is reserved by PyTorch but unallocated. If reserved but unallocated memory is large try setting PYTORCH_CUDA_ALLOC_CONF=expandable_segments:True to avoid fragmentation.  See documentation for Memory Management  (https://pytorch.org/docs/stable/notes/cuda.html#environment-variables)
Docling attempt 1 found no tables, trying next config
Docling converting 2210.00193v1.pdf (config: with_ocr_accurate)
detected formats: [<InputFormat.PDF: 'pdf'>]
Going to convert document batch...
Initializing pipeline for StandardPdfPipeline with options hash a6a2eef09bfdbd6bdaeaf15fcaebde59
rapidocr cannot be used because onnxruntime is not installed.
easyocr cannot be used because it is not installed.
Accelerator device: 'cuda:0'
[32m[INFO] 2026-05-03 03:27:00,306 [RapidOCR] base.py:22: Using engine_name: torch[0m
[32m[INFO] 2026-05-03 03:27:00,307 [RapidOCR] device_config.py:64: Using GPU device with ID: 0[0m
[32m[INFO] 2026-05-03 03:27:00,348 [RapidOCR] download_file.py:60: File exists and is valid: /HOME/.local/lib/python3.10/site-packages/rapidocr/models/ch_PP-OCRv4_det_infer.pth[0m
[32m[INFO] 2026-05-03 03:27:00,348 [RapidOCR] main.py:50: Using /HOME/.local/lib/python3.10/site-packages/rapidocr/models/ch_PP-OCRv4_det_infer.pth[0m
[32m[INFO] 2026-05-03 03:27:00,598 [RapidOCR] base.py:22: Using engine_name: torch[0m
[32m[INFO] 2026-05-03 03:27:00,598 [RapidOCR] device_config.py:64: Using GPU device with ID: 0[0m
[32m[INFO] 2026-05-03 03:27:00,706 [RapidOCR] download_file.py:60: File exists and is valid: /HOME/.local/lib/python3.10/site-packages/rapidocr/models/ch_ptocr_mobile_v2.0_cls_infer.pth[0m
[32m[INFO] 2026-05-03 03:27:00,706 [RapidOCR] main.py:50: Using /HOME/.local/lib/python3.10/site-packages/rapidocr/models/ch_ptocr_mobile_v2.0_cls_infer.pth[0m
[32m[INFO] 2026-05-03 03:27:00,808 [RapidOCR] base.py:22: Using engine_name: torch[0m
[32m[INFO] 2026-05-03 03:27:00,808 [RapidOCR] device_config.py:64: Using GPU device with ID: 0[0m
[32m[INFO] 2026-05-03 03:27:00,881 [RapidOCR] download_file.py:60: File exists and is valid: /HOME/.local/lib/python3.10/site-packages/rapidocr/models/ch_PP-OCRv4_rec_infer.pth[0m
[32m[INFO] 2026-05-03 03:27:00,881 [RapidOCR] main.py:50: Using /HOME/.local/lib/python3.10/site-packages/rapidocr/models/ch_PP-OCRv4_rec_infer.pth[0m
Auto OCR model selected rapidocr with torch.
Accelerator device: 'cuda:0'
Accelerator device: 'cuda:0'
Docling extraction failed: CUDA out of memory. Tried to allocate 20.00 MiB. GPU 0 has a total capacity of 23.68 GiB of which 8.44 MiB is free. Process 3053274 has 9.89 GiB memory in use. Process 3058551 has 4.20 GiB memory in use. Process 3065897 has 5.02 GiB memory in use. Including non-PyTorch memory, this process has 4.55 GiB memory in use. Of the allocated memory 4.26 GiB is allocated by PyTorch, and 46.33 MiB is reserved by PyTorch but unallocated. If reserved but unallocated memory is large try setting PYTORCH_CUDA_ALLOC_CONF=expandable_segments:True to avoid fragmentation.  See documentation for Memory Management  (https://pytorch.org/docs/stable/notes/cuda.html#environment-variables)
  docling: 0 tables found
  Running marker...
Marker converting 2210.00193v1.pdf
Recognizing Layout:   0%|          | 0/16 [00:00<?, ?it/s]Marker extraction failed: pad_sequence() got an unexpected keyword argument 'padding_side'
Recognizing Layout:   0%|          | 0/16 [00:00<?, ?it/s]
  marker: 0 tables found
  Running mineru...
2026-05-03 03:27:06.228 | INFO     | magic_pdf.data.dataset:__init__:157 - lang: None
2026-05-03 03:27:07.441 | INFO     | magic_pdf.libs.pdf_check:detect_invalid_chars:67 - cid_count: 0, text_len: 39013, cid_chars_radio: 0.0
MinerU classification for 2210.00193v1.pdf: SupportedPdfParseMethod.TXT
2026-05-03 03:27:07.667 | INFO     | magic_pdf.model.doc_analyze_by_custom_model:doc_analyze:162 - Batch 1/1: 16 pages/16 pages
MinerU model analysis failed (No module named 'rapid_table'), trying basic mode
  mineru: 0 tables found
  Running camelot...
  camelot: 2 tables found
Cross-backend dedup: 2 raw → 2 valid → 2 unique (2 groups, avg 1.0 variants/table)
HTTP Request: POST https://api.anthropic.com/v1/messages "HTTP/1.1 200 OK"
Paper intelligence: {"tasks": ["Machine Translation", "Few-shot Learning", "Style-targeted Translation", "Region-aware T
HTTP Request: POST https://api.anthropic.com/v1/messages "HTTP/1.1 200 OK"
HTTP Request: POST https://api.anthropic.com/v1/messages "HTTP/1.1 200 OK"
Table filter: 2 -> 2 relevant tables
HTTP Request: POST https://api.anthropic.com/v1/messages "HTTP/1.1 200 OK"
HTTP Request: POST https://api.anthropic.com/v1/messages "HTTP/1.1 200 OK"
HTTP Request: POST https://api.anthropic.com/v1/messages "HTTP/1.1 200 OK"
[2210.00193v1] validation: 168→154 (dropped 14; reason: These entries contain scores of 0.0, -1.0, -1.2, etc. that do not appear in the )
Pipeline: 2 tables → 154 raw → 139 deduped
139 tuples (66s)
[5/15] 2210.00213v1... Extracting PDF text from 2210.00213v1.pdf...
Recognizing Layout:   0%|          | 0/9 [00:00<?, ?it/s]Recognizing Layout:   0%|          | 0/9 [00:00<?, ?it/s]
  Running docling...
Docling converting 2210.00213v1.pdf (config: no_ocr_accurate)
detected formats: [<InputFormat.PDF: 'pdf'>]
Going to convert document batch...
Initializing pipeline for StandardPdfPipeline with options hash b56892e70fd34eb2f9ef999169879158
Accelerator device: 'cuda:0'
Accelerator device: 'cuda:0'
Docling extraction failed: CUDA out of memory. Tried to allocate 2.00 MiB. GPU 0 has a total capacity of 23.68 GiB of which 2.44 MiB is free. Process 3053274 has 9.86 GiB memory in use. Process 3058551 has 4.20 GiB memory in use. Process 3065897 has 5.02 GiB memory in use. Including non-PyTorch memory, this process has 4.58 GiB memory in use. Of the allocated memory 4.33 GiB is allocated by PyTorch, and 10.40 MiB is reserved by PyTorch but unallocated. If reserved but unallocated memory is large try setting PYTORCH_CUDA_ALLOC_CONF=expandable_segments:True to avoid fragmentation.  See documentation for Memory Management  (https://pytorch.org/docs/stable/notes/cuda.html#environment-variables)
Docling attempt 1 found no tables, trying next config
Docling converting 2210.00213v1.pdf (config: with_ocr_accurate)
detected formats: [<InputFormat.PDF: 'pdf'>]
Going to convert document batch...
Initializing pipeline for StandardPdfPipeline with options hash a6a2eef09bfdbd6bdaeaf15fcaebde59
rapidocr cannot be used because onnxruntime is not installed.
easyocr cannot be used because it is not installed.
Accelerator device: 'cuda:0'
[32m[INFO] 2026-05-03 03:28:03,610 [RapidOCR] base.py:22: Using engine_name: torch[0m
[32m[INFO] 2026-05-03 03:28:03,611 [RapidOCR] device_config.py:64: Using GPU device with ID: 0[0m
[32m[INFO] 2026-05-03 03:28:03,651 [RapidOCR] download_file.py:60: File exists and is valid: /HOME/.local/lib/python3.10/site-packages/rapidocr/models/ch_PP-OCRv4_det_infer.pth[0m
[32m[INFO] 2026-05-03 03:28:03,651 [RapidOCR] main.py:50: Using /HOME/.local/lib/python3.10/site-packages/rapidocr/models/ch_PP-OCRv4_det_infer.pth[0m
[32m[INFO] 2026-05-03 03:28:03,891 [RapidOCR] base.py:22: Using engine_name: torch[0m
[32m[INFO] 2026-05-03 03:28:03,892 [RapidOCR] device_config.py:64: Using GPU device with ID: 0[0m
[32m[INFO] 2026-05-03 03:28:03,897 [RapidOCR] download_file.py:60: File exists and is valid: /HOME/.local/lib/python3.10/site-packages/rapidocr/models/ch_ptocr_mobile_v2.0_cls_infer.pth[0m
[32m[INFO] 2026-05-03 03:28:03,898 [RapidOCR] main.py:50: Using /HOME/.local/lib/python3.10/site-packages/rapidocr/models/ch_ptocr_mobile_v2.0_cls_infer.pth[0m
[32m[INFO] 2026-05-03 03:28:03,999 [RapidOCR] base.py:22: Using engine_name: torch[0m
[32m[INFO] 2026-05-03 03:28:03,999 [RapidOCR] device_config.py:64: Using GPU device with ID: 0[0m
[32m[INFO] 2026-05-03 03:28:04,071 [RapidOCR] download_file.py:60: File exists and is valid: /HOME/.local/lib/python3.10/site-packages/rapidocr/models/ch_PP-OCRv4_rec_infer.pth[0m
[32m[INFO] 2026-05-03 03:28:04,071 [RapidOCR] main.py:50: Using /HOME/.local/lib/python3.10/site-packages/rapidocr/models/ch_PP-OCRv4_rec_infer.pth[0m
Auto OCR model selected rapidocr with torch.
Accelerator device: 'cuda:0'
Accelerator device: 'cuda:0'
Docling extraction failed: CUDA out of memory. Tried to allocate 20.00 MiB. GPU 0 has a total capacity of 23.68 GiB of which 12.44 MiB is free. Process 3053274 has 9.86 GiB memory in use. Process 3058551 has 4.20 GiB memory in use. Process 3065897 has 5.02 GiB memory in use. Including non-PyTorch memory, this process has 4.57 GiB memory in use. Of the allocated memory 4.33 GiB is allocated by PyTorch, and 3.00 MiB is reserved by PyTorch but unallocated. If reserved but unallocated memory is large try setting PYTORCH_CUDA_ALLOC_CONF=expandable_segments:True to avoid fragmentation.  See documentation for Memory Management  (https://pytorch.org/docs/stable/notes/cuda.html#environment-variables)
  docling: 0 tables found
  Running marker...
Marker converting 2210.00213v1.pdf
Recognizing Layout:   0%|          | 0/9 [00:00<?, ?it/s]Marker extraction failed: pad_sequence() got an unexpected keyword argument 'padding_side'
Recognizing Layout:   0%|          | 0/9 [00:00<?, ?it/s]
  marker: 0 tables found
  Running mineru...
2026-05-03 03:28:07.789 | INFO     | magic_pdf.data.dataset:__init__:157 - lang: None
2026-05-03 03:28:09.127 | INFO     | magic_pdf.libs.pdf_check:detect_invalid_chars:67 - cid_count: 19, text_len: 42676, cid_chars_radio: 0.00044662795891022776
MinerU classification for 2210.00213v1.pdf: SupportedPdfParseMethod.TXT
2026-05-03 03:28:09.292 | INFO     | magic_pdf.model.doc_analyze_by_custom_model:doc_analyze:162 - Batch 1/1: 9 pages/9 pages
MinerU model analysis failed (No module named 'rapid_table'), trying basic mode
  mineru: 0 tables found
  Running camelot...
  camelot: 1 tables found
Cross-backend dedup: 1 raw → 1 valid → 1 unique (1 groups, avg 1.0 variants/table)
HTTP Request: POST https://api.anthropic.com/v1/messages "HTTP/1.1 200 OK"
Paper intelligence: {"tasks": ["time-to-event prediction", "zero-shot learning", "continual learning", "temporal point p
HTTP Request: POST https://api.anthropic.com/v1/messages "HTTP/1.1 200 OK"
Table filter: 1 -> 1 relevant tables
HTTP Request: POST https://api.anthropic.com/v1/messages "HTTP/1.1 200 OK"
HTTP Request: POST https://api.anthropic.com/v1/messages "HTTP/1.1 200 OK"
Pipeline: 1 tables → 48 raw → 45 deduped
45 tuples (32s)
[6/15] 2210.00448v1... Extracting PDF text from 2210.00448v1.pdf...
Recognizing Layout:   0%|          | 0/12 [00:00<?, ?it/s]Recognizing Layout:   0%|          | 0/12 [00:00<?, ?it/s]
  Running docling...
Docling converting 2210.00448v1.pdf (config: no_ocr_accurate)
detected formats: [<InputFormat.PDF: 'pdf'>]
Going to convert document batch...
Initializing pipeline for StandardPdfPipeline with options hash b56892e70fd34eb2f9ef999169879158
Accelerator device: 'cuda:0'
Accelerator device: 'cuda:0'
Docling extraction failed: CUDA out of memory. Tried to allocate 20.00 MiB. GPU 0 has a total capacity of 23.68 GiB of which 12.44 MiB is free. Process 3053274 has 9.87 GiB memory in use. Process 3058551 has 4.20 GiB memory in use. Process 3065897 has 5.02 GiB memory in use. Including non-PyTorch memory, this process has 4.56 GiB memory in use. Of the allocated memory 4.27 GiB is allocated by PyTorch, and 50.90 MiB is reserved by PyTorch but unallocated. If reserved but unallocated memory is large try setting PYTORCH_CUDA_ALLOC_CONF=expandable_segments:True to avoid fragmentation.  See documentation for Memory Management  (https://pytorch.org/docs/stable/notes/cuda.html#environment-variables)
Docling attempt 1 found no tables, trying next config
Docling converting 2210.00448v1.pdf (config: with_ocr_accurate)
detected formats: [<InputFormat.PDF: 'pdf'>]
Going to convert document batch...
Initializing pipeline for StandardPdfPipeline with options hash a6a2eef09bfdbd6bdaeaf15fcaebde59
rapidocr cannot be used because onnxruntime is not installed.
easyocr cannot be used because it is not installed.
Accelerator device: 'cuda:0'
[32m[INFO] 2026-05-03 03:28:35,763 [RapidOCR] base.py:22: Using engine_name: torch[0m
[32m[INFO] 2026-05-03 03:28:35,763 [RapidOCR] device_config.py:64: Using GPU device with ID: 0[0m
[32m[INFO] 2026-05-03 03:28:35,804 [RapidOCR] download_file.py:60: File exists and is valid: /HOME/.local/lib/python3.10/site-packages/rapidocr/models/ch_PP-OCRv4_det_infer.pth[0m
[32m[INFO] 2026-05-03 03:28:35,804 [RapidOCR] main.py:50: Using /HOME/.local/lib/python3.10/site-packages/rapidocr/models/ch_PP-OCRv4_det_infer.pth[0m
[32m[INFO] 2026-05-03 03:28:36,047 [RapidOCR] base.py:22: Using engine_name: torch[0m
[32m[INFO] 2026-05-03 03:28:36,047 [RapidOCR] device_config.py:64: Using GPU device with ID: 0[0m
[32m[INFO] 2026-05-03 03:28:36,052 [RapidOCR] download_file.py:60: File exists and is valid: /HOME/.local/lib/python3.10/site-packages/rapidocr/models/ch_ptocr_mobile_v2.0_cls_infer.pth[0m
[32m[INFO] 2026-05-03 03:28:36,052 [RapidOCR] main.py:50: Using /HOME/.local/lib/python3.10/site-packages/rapidocr/models/ch_ptocr_mobile_v2.0_cls_infer.pth[0m
[32m[INFO] 2026-05-03 03:28:36,155 [RapidOCR] base.py:22: Using engine_name: torch[0m
[32m[INFO] 2026-05-03 03:28:36,156 [RapidOCR] device_config.py:64: Using GPU device with ID: 0[0m
[32m[INFO] 2026-05-03 03:28:36,229 [RapidOCR] download_file.py:60: File exists and is valid: /HOME/.local/lib/python3.10/site-packages/rapidocr/models/ch_PP-OCRv4_rec_infer.pth[0m
[32m[INFO] 2026-05-03 03:28:36,229 [RapidOCR] main.py:50: Using /HOME/.local/lib/python3.10/site-packages/rapidocr/models/ch_PP-OCRv4_rec_infer.pth[0m
Auto OCR model selected rapidocr with torch.
Accelerator device: 'cuda:0'
Accelerator device: 'cuda:0'
Docling extraction failed: CUDA out of memory. Tried to allocate 2.00 MiB. GPU 0 has a total capacity of 23.68 GiB of which 2.44 MiB is free. Process 3053274 has 9.87 GiB memory in use. Process 3058551 has 4.20 GiB memory in use. Process 3065897 has 5.02 GiB memory in use. Including non-PyTorch memory, this process has 4.57 GiB memory in use. Of the allocated memory 4.28 GiB is allocated by PyTorch, and 47.52 MiB is reserved by PyTorch but unallocated. If reserved but unallocated memory is large try setting PYTORCH_CUDA_ALLOC_CONF=expandable_segments:True to avoid fragmentation.  See documentation for Memory Management  (https://pytorch.org/docs/stable/notes/cuda.html#environment-variables)
  docling: 0 tables found
  Running marker...
Marker converting 2210.00448v1.pdf
Marker extraction failed: CUDA out of memory. Tried to allocate 14.00 MiB. GPU 0 has a total capacity of 23.68 GiB of which 10.44 MiB is free. Process 3053274 has 9.87 GiB memory in use. Process 3058551 has 4.20 GiB memory in use. Process 3065897 has 5.02 GiB memory in use. Including non-PyTorch memory, this process has 4.56 GiB memory in use. Of the allocated memory 4.16 GiB is allocated by PyTorch, and 160.79 MiB is reserved by PyTorch but unallocated. If reserved but unallocated memory is large try setting PYTORCH_CUDA_ALLOC_CONF=expandable_segments:True to avoid fragmentation.  See documentation for Memory Management  (https://pytorch.org/docs/stable/notes/cuda.html#environment-variables)
  marker: 0 tables found
  Running mineru...
2026-05-03 03:28:40.216 | INFO     | magic_pdf.data.dataset:__init__:157 - lang: None
2026-05-03 03:28:41.673 | INFO     | magic_pdf.libs.pdf_check:detect_invalid_chars:67 - cid_count: 0, text_len: 42590, cid_chars_radio: 0.0
MinerU classification for 2210.00448v1.pdf: SupportedPdfParseMethod.TXT
2026-05-03 03:28:42.108 | INFO     | magic_pdf.model.doc_analyze_by_custom_model:doc_analyze:162 - Batch 1/1: 12 pages/12 pages
MinerU model analysis failed (No module named 'rapid_table'), trying basic mode
  mineru: 0 tables found
  Running camelot...
  camelot: 2 tables found
Cross-backend dedup: 2 raw → 2 valid → 2 unique (2 groups, avg 1.0 variants/table)
HTTP Request: POST https://api.anthropic.com/v1/messages "HTTP/1.1 200 OK"
Paper intelligence: {"tasks": ["image classification", "waste classification", "object classification"], "metrics": ["ac
HTTP Request: POST https://api.anthropic.com/v1/messages "HTTP/1.1 200 OK"
HTTP Request: POST https://api.anthropic.com/v1/messages "HTTP/1.1 200 OK"
Table filter: 2 -> 2 relevant tables
HTTP Request: POST https://api.anthropic.com/v1/messages "HTTP/1.1 200 OK"
HTTP Request: POST https://api.anthropic.com/v1/messages "HTTP/1.1 200 OK"
HTTP Request: POST https://api.anthropic.com/v1/messages "HTTP/1.1 200 OK"
[2210.00448v1] validation wanted to drop 22 preds but cap is 7 (20%). Keeping first 7 flagged.
[2210.00448v1] validation: 39→32 (dropped 7; reason: Paper mentions only MobileNet and K210 models with specific results (95.98% on J)
Pipeline: 2 tables → 32 raw → 30 deduped
30 tuples (34s)
[7/15] 2210.00543v1... Extracting PDF text from 2210.00543v1.pdf...
Recognizing Layout:   0%|          | 0/12 [00:00<?, ?it/s]Recognizing Layout:   0%|          | 0/12 [00:00<?, ?it/s]
  Running docling...
Docling converting 2210.00543v1.pdf (config: no_ocr_accurate)
detected formats: [<InputFormat.PDF: 'pdf'>]
Going to convert document batch...
Initializing pipeline for StandardPdfPipeline with options hash b56892e70fd34eb2f9ef999169879158
Accelerator device: 'cuda:0'
Accelerator device: 'cuda:0'
Docling extraction failed: CUDA out of memory. Tried to allocate 20.00 MiB. GPU 0 has a total capacity of 23.68 GiB of which 4.44 MiB is free. Process 3053274 has 9.82 GiB memory in use. Process 3058551 has 4.20 GiB memory in use. Process 3065897 has 5.02 GiB memory in use. Including non-PyTorch memory, this process has 4.62 GiB memory in use. Of the allocated memory 4.36 GiB is allocated by PyTorch, and 15.77 MiB is reserved by PyTorch but unallocated. If reserved but unallocated memory is large try setting PYTORCH_CUDA_ALLOC_CONF=expandable_segments:True to avoid fragmentation.  See documentation for Memory Management  (https://pytorch.org/docs/stable/notes/cuda.html#environment-variables)
Docling attempt 1 found no tables, trying next config
Docling converting 2210.00543v1.pdf (config: with_ocr_accurate)
detected formats: [<InputFormat.PDF: 'pdf'>]
Going to convert document batch...
Initializing pipeline for StandardPdfPipeline with options hash a6a2eef09bfdbd6bdaeaf15fcaebde59
rapidocr cannot be used because onnxruntime is not installed.
easyocr cannot be used because it is not installed.
Accelerator device: 'cuda:0'
[32m[INFO] 2026-05-03 03:29:11,678 [RapidOCR] base.py:22: Using engine_name: torch[0m
[32m[INFO] 2026-05-03 03:29:11,679 [RapidOCR] device_config.py:64: Using GPU device with ID: 0[0m
[32m[INFO] 2026-05-03 03:29:11,720 [RapidOCR] download_file.py:60: File exists and is valid: /HOME/.local/lib/python3.10/site-packages/rapidocr/models/ch_PP-OCRv4_det_infer.pth[0m
[32m[INFO] 2026-05-03 03:29:11,720 [RapidOCR] main.py:50: Using /HOME/.local/lib/python3.10/site-packages/rapidocr/models/ch_PP-OCRv4_det_infer.pth[0m
[32m[INFO] 2026-05-03 03:29:11,975 [RapidOCR] base.py:22: Using engine_name: torch[0m
[32m[INFO] 2026-05-03 03:29:11,976 [RapidOCR] device_config.py:64: Using GPU device with ID: 0[0m
[32m[INFO] 2026-05-03 03:29:11,981 [RapidOCR] download_file.py:60: File exists and is valid: /HOME/.local/lib/python3.10/site-packages/rapidocr/models/ch_ptocr_mobile_v2.0_cls_infer.pth[0m
[32m[INFO] 2026-05-03 03:29:11,981 [RapidOCR] main.py:50: Using /HOME/.local/lib/python3.10/site-packages/rapidocr/models/ch_ptocr_mobile_v2.0_cls_infer.pth[0m
[32m[INFO] 2026-05-03 03:29:12,088 [RapidOCR] base.py:22: Using engine_name: torch[0m
[32m[INFO] 2026-05-03 03:29:12,088 [RapidOCR] device_config.py:64: Using GPU device with ID: 0[0m
[32m[INFO] 2026-05-03 03:29:12,163 [RapidOCR] download_file.py:60: File exists and is valid: /HOME/.local/lib/python3.10/site-packages/rapidocr/models/ch_PP-OCRv4_rec_infer.pth[0m
[32m[INFO] 2026-05-03 03:29:12,163 [RapidOCR] main.py:50: Using /HOME/.local/lib/python3.10/site-packages/rapidocr/models/ch_PP-OCRv4_rec_infer.pth[0m
Auto OCR model selected rapidocr with torch.
Accelerator device: 'cuda:0'
Accelerator device: 'cuda:0'
Docling extraction failed: CUDA out of memory. Tried to allocate 20.00 MiB. GPU 0 has a total capacity of 23.68 GiB of which 16.44 MiB is free. Process 3053274 has 9.82 GiB memory in use. Process 3058551 has 4.20 GiB memory in use. Process 3065897 has 5.02 GiB memory in use. Including non-PyTorch memory, this process has 4.61 GiB memory in use. Of the allocated memory 4.34 GiB is allocated by PyTorch, and 20.17 MiB is reserved by PyTorch but unallocated. If reserved but unallocated memory is large try setting PYTORCH_CUDA_ALLOC_CONF=expandable_segments:True to avoid fragmentation.  See documentation for Memory Management  (https://pytorch.org/docs/stable/notes/cuda.html#environment-variables)
  docling: 0 tables found
  Running marker...
Marker converting 2210.00543v1.pdf
Marker extraction failed: CUDA out of memory. Tried to allocate 14.00 MiB. GPU 0 has a total capacity of 23.68 GiB of which 2.44 MiB is free. Process 3053274 has 9.82 GiB memory in use. Process 3058551 has 4.20 GiB memory in use. Process 3065897 has 5.02 GiB memory in use. Including non-PyTorch memory, this process has 4.62 GiB memory in use. Of the allocated memory 4.20 GiB is allocated by PyTorch, and 175.60 MiB is reserved by PyTorch but unallocated. If reserved but unallocated memory is large try setting PYTORCH_CUDA_ALLOC_CONF=expandable_segments:True to avoid fragmentation.  See documentation for Memory Management  (https://pytorch.org/docs/stable/notes/cuda.html#environment-variables)
  marker: 0 tables found
  Running mineru...
2026-05-03 03:29:18.429 | INFO     | magic_pdf.data.dataset:__init__:157 - lang: None
2026-05-03 03:29:19.759 | INFO     | magic_pdf.libs.pdf_check:detect_invalid_chars:67 - cid_count: 3, text_len: 37567, cid_chars_radio: 7.990198689607415e-05
MinerU classification for 2210.00543v1.pdf: SupportedPdfParseMethod.TXT
2026-05-03 03:29:20.055 | INFO     | magic_pdf.model.doc_analyze_by_custom_model:doc_analyze:162 - Batch 1/1: 12 pages/12 pages
MinerU model analysis failed (No module named 'rapid_table'), trying basic mode
  mineru: 0 tables found
  Running camelot...
  camelot: 4 tables found
Cross-backend dedup: 4 raw → 4 valid → 4 unique (4 groups, avg 1.0 variants/table)
HTTP Request: POST https://api.anthropic.com/v1/messages "HTTP/1.1 200 OK"
Paper intelligence: {"tasks": ["definition generation"], "metrics": ["BLEU", "NIST"], "datasets": ["WordNet", "Oxford", 
HTTP Request: POST https://api.anthropic.com/v1/messages "HTTP/1.1 200 OK"
HTTP Request: POST https://api.anthropic.com/v1/messages "HTTP/1.1 200 OK"
HTTP Request: POST https://api.anthropic.com/v1/messages "HTTP/1.1 200 OK"
HTTP Request: POST https://api.anthropic.com/v1/messages "HTTP/1.1 200 OK"
Table filter: 4 -> 4 relevant tables
HTTP Request: POST https://api.anthropic.com/v1/messages "HTTP/1.1 200 OK"
HTTP Request: POST https://api.anthropic.com/v1/messages "HTTP/1.1 200 OK"
HTTP Request: POST https://api.anthropic.com/v1/messages "HTTP/1.1 200 OK"
HTTP Request: POST https://api.anthropic.com/v1/messages "HTTP/1.1 200 OK"
HTTP Request: POST https://api.anthropic.com/v1/messages "HTTP/1.1 200 OK"
[2210.00543v1] validation: 122→100 (dropped 22; reason: These result entries (indices 3-24) do not appear anywhere in the provided paper)
Pipeline: 4 tables → 100 raw → 85 deduped
85 tuples (53s)
[8/15] 2210.00627v1... Extracting PDF text from 2210.00627v1.pdf...
Recognizing Layout:   0%|          | 0/15 [00:00<?, ?it/s]Recognizing Layout:   0%|          | 0/15 [00:00<?, ?it/s]
  Running docling...
Docling converting 2210.00627v1.pdf (config: no_ocr_accurate)
detected formats: [<InputFormat.PDF: 'pdf'>]
Going to convert document batch...
Initializing pipeline for StandardPdfPipeline with options hash b56892e70fd34eb2f9ef999169879158
Accelerator device: 'cuda:0'
Accelerator device: 'cuda:0'
Processing document 2210.00627v1.pdf
Finished converting document 2210.00627v1.pdf in 11.97 sec.
Docling extracted 4 tables from 2210.00627v1.pdf
Docling succeeded on attempt 1 with config: no_ocr_accurate
  docling: 2 tables found
  Running marker...
Marker converting 2210.00627v1.pdf
Recognizing Layout:   0%|          | 0/15 [00:00<?, ?it/s]Marker extraction failed: pad_sequence() got an unexpected keyword argument 'padding_side'
Recognizing Layout:   0%|          | 0/15 [00:00<?, ?it/s]
  marker: 0 tables found
  Running mineru...
2026-05-03 03:30:20.336 | INFO     | magic_pdf.data.dataset:__init__:157 - lang: None
2026-05-03 03:30:21.888 | INFO     | magic_pdf.libs.pdf_check:detect_invalid_chars:67 - cid_count: 22, text_len: 34798, cid_chars_radio: 0.0006351039260969977
MinerU classification for 2210.00627v1.pdf: SupportedPdfParseMethod.TXT
2026-05-03 03:30:22.388 | INFO     | magic_pdf.model.doc_analyze_by_custom_model:doc_analyze:162 - Batch 1/1: 15 pages/15 pages
MinerU model analysis failed (No module named 'rapid_table'), trying basic mode
  mineru: 0 tables found
  Running camelot...
  camelot: 0 tables found
Cross-backend dedup: 2 raw → 2 valid → 2 unique (2 groups, avg 1.0 variants/table)
HTTP Request: POST https://api.anthropic.com/v1/messages "HTTP/1.1 200 OK"
Paper intelligence: {"tasks": ["novel view synthesis", "3D human rendering", "geometry reconstruction", "texture synthes
HTTP Request: POST https://api.anthropic.com/v1/messages "HTTP/1.1 200 OK"
HTTP Request: POST https://api.anthropic.com/v1/messages "HTTP/1.1 200 OK"
Table filter: 2 -> 2 relevant tables
HTTP Request: POST https://api.anthropic.com/v1/messages "HTTP/1.1 200 OK"
HTTP Request: POST https://api.anthropic.com/v1/messages "HTTP/1.1 200 OK"
HTTP Request: POST https://api.anthropic.com/v1/messages "HTTP/1.1 200 OK"
[2210.00627v1] validation wanted to drop 8 preds but cap is 4 (20%). Keeping first 4 flagged.
[2210.00627v1] validation: 20→16 (dropped 4; reason: These ablation study results lack dataset specification and do not appear in the)
Pipeline: 2 tables → 16 raw → 16 deduped
16 tuples (46s)
[9/15] 2210.00698v1... Extracting PDF text from 2210.00698v1.pdf...
Recognizing Layout:   0%|          | 0/8 [00:00<?, ?it/s]Recognizing Layout:   0%|          | 0/8 [00:00<?, ?it/s]
  Running docling...
Docling converting 2210.00698v1.pdf (config: no_ocr_accurate)
detected formats: [<InputFormat.PDF: 'pdf'>]
Going to convert document batch...
Initializing pipeline for StandardPdfPipeline with options hash b56892e70fd34eb2f9ef999169879158
Accelerator device: 'cuda:0'
Accelerator device: 'cuda:0'
Processing document 2210.00698v1.pdf
Finished converting document 2210.00698v1.pdf in 16.48 sec.
Docling extracted 3 tables from 2210.00698v1.pdf
Docling succeeded on attempt 1 with config: no_ocr_accurate
  docling: 3 tables found
  Running marker...
Marker converting 2210.00698v1.pdf
Recognizing Layout:   0%|          | 0/8 [00:00<?, ?it/s]Marker extraction failed: pad_sequence() got an unexpected keyword argument 'padding_side'
Recognizing Layout:   0%|          | 0/8 [00:00<?, ?it/s]
  marker: 0 tables found
  Running mineru...
2026-05-03 03:31:06.017 | INFO     | magic_pdf.data.dataset:__init__:157 - lang: None
2026-05-03 03:31:08.307 | INFO     | magic_pdf.libs.pdf_check:detect_invalid_chars:67 - cid_count: 41, text_len: 32746, cid_chars_radio: 0.001263131951076743
MinerU classification for 2210.00698v1.pdf: SupportedPdfParseMethod.TXT
2026-05-03 03:31:09.098 | INFO     | magic_pdf.model.doc_analyze_by_custom_model:doc_analyze:162 - Batch 1/1: 8 pages/8 pages
MinerU model analysis failed (No module named 'rapid_table'), trying basic mode
  mineru: 0 tables found
  Running camelot...
  camelot: 2 tables found
Cross-backend dedup: 5 raw → 5 valid → 5 unique (5 groups, avg 1.0 variants/table)
HTTP Request: POST https://api.anthropic.com/v1/messages "HTTP/1.1 200 OK"
Paper intelligence: {"tasks": ["semantic segmentation", "image segmentation", "neural architecture search (NAS)"], "metr
HTTP Request: POST https://api.anthropic.com/v1/messages "HTTP/1.1 200 OK"
HTTP Request: POST https://api.anthropic.com/v1/messages "HTTP/1.1 200 OK"
HTTP Request: POST https://api.anthropic.com/v1/messages "HTTP/1.1 200 OK"
HTTP Request: POST https://api.anthropic.com/v1/messages "HTTP/1.1 200 OK"
HTTP Request: POST https://api.anthropic.com/v1/messages "HTTP/1.1 200 OK"
Table filter: 5 -> 5 relevant tables
HTTP Request: POST https://api.anthropic.com/v1/messages "HTTP/1.1 200 OK"
HTTP Request: POST https://api.anthropic.com/v1/messages "HTTP/1.1 200 OK"
HTTP Request: POST https://api.anthropic.com/v1/messages "HTTP/1.1 200 OK"
HTTP Request: POST https://api.anthropic.com/v1/messages "HTTP/1.1 200 OK"
HTTP Request: POST https://api.anthropic.com/v1/messages "HTTP/1.1 200 OK"
HTTP Request: POST https://api.anthropic.com/v1/messages "HTTP/1.1 200 OK"
[2210.00698v1] validation: 59→49 (dropped 10; reason: These entries reference Mapillary dataset results that do not appear in the prov)
Pipeline: 5 tables → 49 raw → 30 deduped
30 tuples (52s)
[10/15] 2210.00705v1... Extracting PDF text from 2210.00705v1.pdf...
Recognizing Layout:   0%|          | 0/8 [00:00<?, ?it/s]Recognizing Layout:   0%|          | 0/8 [00:00<?, ?it/s]
  Running docling...
Docling converting 2210.00705v1.pdf (config: no_ocr_accurate)
detected formats: [<InputFormat.PDF: 'pdf'>]
Going to convert document batch...
Initializing pipeline for StandardPdfPipeline with options hash b56892e70fd34eb2f9ef999169879158
Accelerator device: 'cuda:0'
Accelerator device: 'cuda:0'
Processing document 2210.00705v1.pdf
Finished converting document 2210.00705v1.pdf in 10.94 sec.
Docling extracted 4 tables from 2210.00705v1.pdf
Docling succeeded on attempt 1 with config: no_ocr_accurate
  docling: 4 tables found
  Running marker...
Marker converting 2210.00705v1.pdf
Recognizing Layout:   0%|          | 0/8 [00:00<?, ?it/s]Marker extraction failed: pad_sequence() got an unexpected keyword argument 'padding_side'
Recognizing Layout:   0%|          | 0/8 [00:00<?, ?it/s]
  marker: 0 tables found
  Running mineru...
2026-05-03 03:31:53.568 | INFO     | magic_pdf.data.dataset:__init__:157 - lang: None
2026-05-03 03:31:56.831 | INFO     | magic_pdf.libs.pdf_check:detect_invalid_chars:67 - cid_count: 9, text_len: 36163, cid_chars_radio: 0.0002492936679408343
MinerU classification for 2210.00705v1.pdf: SupportedPdfParseMethod.TXT
2026-05-03 03:31:57.240 | INFO     | magic_pdf.model.doc_analyze_by_custom_model:doc_analyze:162 - Batch 1/1: 8 pages/8 pages
MinerU model analysis failed (No module named 'rapid_table'), trying basic mode
  mineru: 0 tables found
  Running camelot...
  camelot: 1 tables found
Cross-backend dedup: 5 raw → 5 valid → 5 unique (5 groups, avg 1.0 variants/table)
HTTP Request: POST https://api.anthropic.com/v1/messages "HTTP/1.1 200 OK"
Paper intelligence: {"tasks": ["image-speech retrieval", "zero-shot speech-text retrieval", "keyword retrieval from spee
HTTP Request: POST https://api.anthropic.com/v1/messages "HTTP/1.1 200 OK"
HTTP Request: POST https://api.anthropic.com/v1/messages "HTTP/1.1 200 OK"
HTTP Request: POST https://api.anthropic.com/v1/messages "HTTP/1.1 200 OK"
HTTP Request: POST https://api.anthropic.com/v1/messages "HTTP/1.1 200 OK"
HTTP Request: POST https://api.anthropic.com/v1/messages "HTTP/1.1 200 OK"
Table filter: 5 -> 5 relevant tables
HTTP Request: POST https://api.anthropic.com/v1/messages "HTTP/1.1 200 OK"
HTTP Request: POST https://api.anthropic.com/v1/messages "HTTP/1.1 200 OK"
HTTP Request: POST https://api.anthropic.com/v1/messages "HTTP/1.1 200 OK"
HTTP Request: POST https://api.anthropic.com/v1/messages "HTTP/1.1 200 OK"
HTTP Request: POST https://api.anthropic.com/v1/messages "HTTP/1.1 200 OK"
HTTP Request: POST https://api.anthropic.com/v1/messages "HTTP/1.1 200 OK"
Pipeline: 5 tables → 270 raw → 201 deduped
201 tuples (95s)
[11/15] 2210.00740v1... Extracting PDF text from 2210.00740v1.pdf...
Recognizing Layout:   0%|          | 0/12 [00:00<?, ?it/s]Recognizing Layout:   0%|          | 0/12 [00:00<?, ?it/s]
  Running docling...
Docling converting 2210.00740v1.pdf (config: no_ocr_accurate)
detected formats: [<InputFormat.PDF: 'pdf'>]
Going to convert document batch...
Initializing pipeline for StandardPdfPipeline with options hash b56892e70fd34eb2f9ef999169879158
Accelerator device: 'cuda:0'
Accelerator device: 'cuda:0'
Processing document 2210.00740v1.pdf
Stage layout failed for run 1: CUDA out of memory. Tried to allocate 76.00 MiB. GPU 0 has a total capacity of 23.68 GiB of which 34.44 MiB is free. Process 3053274 has 9.93 GiB memory in use. Process 3058551 has 4.20 GiB memory in use. Including non-PyTorch memory, this process has 5.39 GiB memory in use. Process 3070280 has 4.11 GiB memory in use. Of the allocated memory 4.97 GiB is allocated by PyTorch, and 167.44 MiB is reserved by PyTorch but unallocated. If reserved but unallocated memory is large try setting PYTORCH_CUDA_ALLOC_CONF=expandable_segments:True to avoid fragmentation.  See documentation for Memory Management  (https://pytorch.org/docs/stable/notes/cuda.html#environment-variables)
Traceback (most recent call last):
  File "/HOME/.local/lib/python3.10/site-packages/docling/pipeline/standard_pdf_pipeline.py", line 296, in _process_batch
    processed_pages = list(self.model(good[0].conv_res, pages))  # type: ignore[arg-type]
  File "/HOME/.local/lib/python3.10/site-packages/docling/models/base_layout_model.py", line 35, in __call__
    predictions = self.predict_layout(conv_res, pages)
  File "/HOME/.local/lib/python3.10/site-packages/docling/models/stages/layout/layout_model.py", line 182, in predict_layout
    batch_predictions = self.layout_predictor.predict_batch(  # type: ignore[attr-defined]
  File "/HOME/.local/lib/python3.10/site-packages/torch/utils/_contextlib.py", line 116, in decorate_context
    return func(*args, **kwargs)
  File "/HOME/.local/lib/python3.10/site-packages/docling_ibm_models/layoutmodel/layout_predictor.py", line 218, in predict_batch
    outputs = self._model(**inputs)
  File "/HOME/.local/lib/python3.10/site-packages/torch/nn/modules/module.py", line 1553, in _wrapped_call_impl
    return self._call_impl(*args, **kwargs)
  File "/HOME/.local/lib/python3.10/site-packages/torch/nn/modules/module.py", line 1562, in _call_impl
    return forward_call(*args, **kwargs)
  File "/HOME/.local/lib/python3.10/site-packages/transformers/models/rt_detr_v2/modeling_rt_detr_v2.py", line 1920, in forward
    outputs = self.model(
  File "/HOME/.local/lib/python3.10/site-packages/torch/nn/modules/module.py", line 1553, in _wrapped_call_impl
    return self._call_impl(*args, **kwargs)
  File "/HOME/.local/lib/python3.10/site-packages/torch/nn/modules/module.py", line 1562, in _call_impl
    return forward_call(*args, **kwargs)
  File "/HOME/.local/lib/python3.10/site-packages/transformers/models/rt_detr_v2/modeling_rt_detr_v2.py", line 1539, in forward
    features = self.backbone(pixel_values, pixel_mask)
  File "/HOME/.local/lib/python3.10/site-packages/torch/nn/modules/module.py", line 1553, in _wrapped_call_impl
    return self._call_impl(*args, **kwargs)
  File "/HOME/.local/lib/python3.10/site-packages/torch/nn/modules/module.py", line 1562, in _call_impl
    return forward_call(*args, **kwargs)
  File "/HOME/.local/lib/python3.10/site-packages/transformers/models/rt_detr_v2/modeling_rt_detr_v2.py", line 865, in forward
    features = self.model(pixel_values).feature_maps
  File "/HOME/.local/lib/python3.10/site-packages/torch/nn/modules/module.py", line 1553, in _wrapped_call_impl
    return self._call_impl(*args, **kwargs)
  File "/HOME/.local/lib/python3.10/site-packages/torch/nn/modules/module.py", line 1562, in _call_impl
    return forward_call(*args, **kwargs)
  File "/HOME/.local/lib/python3.10/site-packages/transformers/models/rt_detr/modeling_rt_detr_resnet.py", line 374, in forward
    outputs = self.encoder(embedding_output, output_hidden_states=True, return_dict=True)
  File "/HOME/.local/lib/python3.10/site-packages/torch/nn/modules/module.py", line 1553, in _wrapped_call_impl
    return self._call_impl(*args, **kwargs)
  File "/HOME/.local/lib/python3.10/site-packages/torch/nn/modules/module.py", line 1562, in _call_impl
    return forward_call(*args, **kwargs)
  File "/HOME/.local/lib/python3.10/site-packages/transformers/models/rt_detr/modeling_rt_detr_resnet.py", line 283, in forward
    hidden_state = stage_module(hidden_state)
  File "/HOME/.local/lib/python3.10/site-packages/torch/nn/modules/module.py", line 1553, in _wrapped_call_impl
    return self._call_impl(*args, **kwargs)
  File "/HOME/.local/lib/python3.10/site-packages/torch/nn/modules/module.py", line 1562, in _call_impl
    return forward_call(*args, **kwargs)
  File "/HOME/.local/lib/python3.10/site-packages/transformers/models/rt_detr/modeling_rt_detr_resnet.py", line 251, in forward
    hidden_state = layer(hidden_state)
  File "/HOME/.local/lib/python3.10/site-packages/torch/nn/modules/module.py", line 1553, in _wrapped_call_impl
    return self._call_impl(*args, **kwargs)
  File "/HOME/.local/lib/python3.10/site-packages/torch/nn/modules/module.py", line 1562, in _call_impl
    return forward_call(*args, **kwargs)
  File "/HOME/.local/lib/python3.10/site-packages/transformers/models/rt_detr/modeling_rt_detr_resnet.py", line 211, in forward
    hidden_state = self.layer(hidden_state)
  File "/HOME/.local/lib/python3.10/site-packages/torch/nn/modules/module.py", line 1553, in _wrapped_call_impl
    return self._call_impl(*args, **kwargs)
  File "/HOME/.local/lib/python3.10/site-packages/torch/nn/modules/module.py", line 1562, in _call_impl
    return forward_call(*args, **kwargs)
  File "/HOME/.local/lib/python3.10/site-packages/torch/nn/modules/container.py", line 219, in forward
    input = module(input)
  File "/HOME/.local/lib/python3.10/site-packages/torch/nn/modules/module.py", line 1553, in _wrapped_call_impl
    return self._call_impl(*args, **kwargs)
  File "/HOME/.local/lib/python3.10/site-packages/torch/nn/modules/module.py", line 1562, in _call_impl
    return forward_call(*args, **kwargs)
  File "/HOME/.local/lib/python3.10/site-packages/transformers/models/rt_detr/modeling_rt_detr_resnet.py", line 50, in forward
    hidden_state = self.normalization(hidden_state)
  File "/HOME/.local/lib/python3.10/site-packages/torch/nn/modules/module.py", line 1553, in _wrapped_call_impl
    return self._call_impl(*args, **kwargs)
  File "/HOME/.local/lib/python3.10/site-packages/torch/nn/modules/module.py", line 1562, in _call_impl
    return forward_call(*args, **kwargs)
  File "/HOME/.local/lib/python3.10/site-packages/transformers/models/rt_detr_v2/modeling_rt_detr_v2.py", line 816, in forward
    return x * scale + bias
torch.OutOfMemoryError: CUDA out of memory. Tried to allocate 76.00 MiB. GPU 0 has a total capacity of 23.68 GiB of which 34.44 MiB is free. Process 3053274 has 9.93 GiB memory in use. Process 3058551 has 4.20 GiB memory in use. Including non-PyTorch memory, this process has 5.39 GiB memory in use. Process 3070280 has 4.11 GiB memory in use. Of the allocated memory 4.97 GiB is allocated by PyTorch, and 167.44 MiB is reserved by PyTorch but unallocated. If reserved but unallocated memory is large try setting PYTORCH_CUDA_ALLOC_CONF=expandable_segments:True to avoid fragmentation.  See documentation for Memory Management  (https://pytorch.org/docs/stable/notes/cuda.html#environment-variables)
Stage layout failed for run 1: CUDA out of memory. Tried to allocate 38.00 MiB. GPU 0 has a total capacity of 23.68 GiB of which 34.44 MiB is free. Process 3053274 has 9.93 GiB memory in use. Process 3058551 has 4.20 GiB memory in use. Including non-PyTorch memory, this process has 5.39 GiB memory in use. Process 3070280 has 4.11 GiB memory in use. Of the allocated memory 5.02 GiB is allocated by PyTorch, and 110.19 MiB is reserved by PyTorch but unallocated. If reserved but unallocated memory is large try setting PYTORCH_CUDA_ALLOC_CONF=expandable_segments:True to avoid fragmentation.  See documentation for Memory Management  (https://pytorch.org/docs/stable/notes/cuda.html#environment-variables)
Traceback (most recent call last):
  File "/HOME/.local/lib/python3.10/site-packages/docling/pipeline/standard_pdf_pipeline.py", line 296, in _process_batch
    processed_pages = list(self.model(good[0].conv_res, pages))  # type: ignore[arg-type]
  File "/HOME/.local/lib/python3.10/site-packages/docling/models/base_layout_model.py", line 35, in __call__
    predictions = self.predict_layout(conv_res, pages)
  File "/HOME/.local/lib/python3.10/site-packages/docling/models/stages/layout/layout_model.py", line 182, in predict_layout
    batch_predictions = self.layout_predictor.predict_batch(  # type: ignore[attr-defined]
  File "/HOME/.local/lib/python3.10/site-packages/torch/utils/_contextlib.py", line 116, in decorate_context
    return func(*args, **kwargs)
  File "/HOME/.local/lib/python3.10/site-packages/docling_ibm_models/layoutmodel/layout_predictor.py", line 218, in predict_batch
    outputs = self._model(**inputs)
  File "/HOME/.local/lib/python3.10/site-packages/torch/nn/modules/module.py", line 1553, in _wrapped_call_impl
    return self._call_impl(*args, **kwargs)
  File "/HOME/.local/lib/python3.10/site-packages/torch/nn/modules/module.py", line 1562, in _call_impl
    return forward_call(*args, **kwargs)
  File "/HOME/.local/lib/python3.10/site-packages/transformers/models/rt_detr_v2/modeling_rt_detr_v2.py", line 1920, in forward
    outputs = self.model(
  File "/HOME/.local/lib/python3.10/site-packages/torch/nn/modules/module.py", line 1553, in _wrapped_call_impl
    return self._call_impl(*args, **kwargs)
  File "/HOME/.local/lib/python3.10/site-packages/torch/nn/modules/module.py", line 1562, in _call_impl
    return forward_call(*args, **kwargs)
  File "/HOME/.local/lib/python3.10/site-packages/transformers/models/rt_detr_v2/modeling_rt_detr_v2.py", line 1539, in forward
    features = self.backbone(pixel_values, pixel_mask)
  File "/HOME/.local/lib/python3.10/site-packages/torch/nn/modules/module.py", line 1553, in _wrapped_call_impl
    return self._call_impl(*args, **kwargs)
  File "/HOME/.local/lib/python3.10/site-packages/torch/nn/modules/module.py", line 1562, in _call_impl
    return forward_call(*args, **kwargs)
  File "/HOME/.local/lib/python3.10/site-packages/transformers/models/rt_detr_v2/modeling_rt_detr_v2.py", line 865, in forward
    features = self.model(pixel_values).feature_maps
  File "/HOME/.local/lib/python3.10/site-packages/torch/nn/modules/module.py", line 1553, in _wrapped_call_impl
    return self._call_impl(*args, **kwargs)
  File "/HOME/.local/lib/python3.10/site-packages/torch/nn/modules/module.py", line 1562, in _call_impl
    return forward_call(*args, **kwargs)
  File "/HOME/.local/lib/python3.10/site-packages/transformers/models/rt_detr/modeling_rt_detr_resnet.py", line 372, in forward
    embedding_output = self.embedder(pixel_values)
  File "/HOME/.local/lib/python3.10/site-packages/torch/nn/modules/module.py", line 1553, in _wrapped_call_impl
    return self._call_impl(*args, **kwargs)
  File "/HOME/.local/lib/python3.10/site-packages/torch/nn/modules/module.py", line 1562, in _call_impl
    return forward_call(*args, **kwargs)
  File "/HOME/.local/lib/python3.10/site-packages/transformers/models/rt_detr/modeling_rt_detr_resnet.py", line 96, in forward
    embedding = self.embedder(pixel_values)
  File "/HOME/.local/lib/python3.10/site-packages/torch/nn/modules/module.py", line 1553, in _wrapped_call_impl
    return self._call_impl(*args, **kwargs)
  File "/HOME/.local/lib/python3.10/site-packages/torch/nn/modules/module.py", line 1562, in _call_impl
    return forward_call(*args, **kwargs)
  File "/HOME/.local/lib/python3.10/site-packages/torch/nn/modules/container.py", line 219, in forward
    input = module(input)
  File "/HOME/.local/lib/python3.10/site-packages/torch/nn/modules/module.py", line 1553, in _wrapped_call_impl
    return self._call_impl(*args, **kwargs)
  File "/HOME/.local/lib/python3.10/site-packages/torch/nn/modules/module.py", line 1562, in _call_impl
    return forward_call(*args, **kwargs)
  File "/HOME/.local/lib/python3.10/site-packages/transformers/models/rt_detr/modeling_rt_detr_resnet.py", line 50, in forward
    hidden_state = self.normalization(hidden_state)
  File "/HOME/.local/lib/python3.10/site-packages/torch/nn/modules/module.py", line 1553, in _wrapped_call_impl
    return self._call_impl(*args, **kwargs)
  File "/HOME/.local/lib/python3.10/site-packages/torch/nn/modules/module.py", line 1562, in _call_impl
    return forward_call(*args, **kwargs)
  File "/HOME/.local/lib/python3.10/site-packages/transformers/models/rt_detr_v2/modeling_rt_detr_v2.py", line 816, in forward
    return x * scale + bias
torch.OutOfMemoryError: CUDA out of memory. Tried to allocate 38.00 MiB. GPU 0 has a total capacity of 23.68 GiB of which 34.44 MiB is free. Process 3053274 has 9.93 GiB memory in use. Process 3058551 has 4.20 GiB memory in use. Including non-PyTorch memory, this process has 5.39 GiB memory in use. Process 3070280 has 4.11 GiB memory in use. Of the allocated memory 5.02 GiB is allocated by PyTorch, and 110.19 MiB is reserved by PyTorch but unallocated. If reserved but unallocated memory is large try setting PYTORCH_CUDA_ALLOC_CONF=expandable_segments:True to avoid fragmentation.  See documentation for Memory Management  (https://pytorch.org/docs/stable/notes/cuda.html#environment-variables)
Stage table failed for run 1: CUDA out of memory. Tried to allocate 2.00 MiB. GPU 0 has a total capacity of 23.68 GiB of which 2.44 MiB is free. Process 3053274 has 9.93 GiB memory in use. Process 3058551 has 4.20 GiB memory in use. Including non-PyTorch memory, this process has 5.42 GiB memory in use. Process 3070280 has 4.11 GiB memory in use. Of the allocated memory 5.02 GiB is allocated by PyTorch, and 141.33 MiB is reserved by PyTorch but unallocated. If reserved but unallocated memory is large try setting PYTORCH_CUDA_ALLOC_CONF=expandable_segments:True to avoid fragmentation.  See documentation for Memory Management  (https://pytorch.org/docs/stable/notes/cuda.html#environment-variables)
Traceback (most recent call last):
  File "/HOME/.local/lib/python3.10/site-packages/docling/pipeline/standard_pdf_pipeline.py", line 296, in _process_batch
    processed_pages = list(self.model(good[0].conv_res, pages))  # type: ignore[arg-type]
  File "/HOME/.local/lib/python3.10/site-packages/docling/models/base_table_model.py", line 41, in __call__
    predictions = self.predict_tables(conv_res, pages)
  File "/HOME/.local/lib/python3.10/site-packages/docling/models/stages/table_structure/table_structure_model.py", line 258, in predict_tables
    tf_output = self.tf_predictor.multi_table_predict(
  File "/HOME/.local/lib/python3.10/site-packages/docling_ibm_models/tableformer/data_management/tf_predictor.py", line 490, in multi_table_predict
    tf_responses, predict_details = self.predict(
  File "/HOME/.local/lib/python3.10/site-packages/docling_ibm_models/tableformer/data_management/tf_predictor.py", line 746, in predict
    pred_tag_seq, outputs_class, outputs_coord = self._model.predict(
  File "/HOME/.local/lib/python3.10/site-packages/docling_ibm_models/tableformer/models/table04_rs/tablemodel04_rs.py", line 181, in predict
    decoded, cache = self._tag_transformer._decoder(
  File "/HOME/.local/lib/python3.10/site-packages/torch/nn/modules/module.py", line 1553, in _wrapped_call_impl
    return self._call_impl(*args, **kwargs)
  File "/HOME/.local/lib/python3.10/site-packages/torch/nn/modules/module.py", line 1562, in _call_impl
    return forward_call(*args, **kwargs)
  File "/HOME/.local/lib/python3.10/site-packages/docling_ibm_models/tableformer/models/table04_rs/transformer_rs.py", line 58, in forward
    output = mod(output, memory)
  File "/HOME/.local/lib/python3.10/site-packages/torch/nn/modules/module.py", line 1553, in _wrapped_call_impl
    return self._call_impl(*args, **kwargs)
  File "/HOME/.local/lib/python3.10/site-packages/torch/nn/modules/module.py", line 1562, in _call_impl
    return forward_call(*args, **kwargs)
  File "/HOME/.local/lib/python3.10/site-packages/docling_ibm_models/tableformer/models/table04_rs/transformer_rs.py", line 92, in forward
    tmp_tgt = self.self_attn(
  File "/HOME/.local/lib/python3.10/site-packages/torch/nn/modules/module.py", line 1553, in _wrapped_call_impl
    return self._call_impl(*args, **kwargs)
  File "/HOME/.local/lib/python3.10/site-packages/torch/nn/modules/module.py", line 1562, in _call_impl
    return forward_call(*args, **kwargs)
  File "/HOME/.local/lib/python3.10/site-packages/torch/nn/modules/activation.py", line 1275, in forward
    attn_output, attn_output_weights = F.multi_head_attention_forward(
  File "/HOME/.local/lib/python3.10/site-packages/torch/nn/functional.py", line 5563, in multi_head_attention_forward
    attn_output = linear(attn_output, out_proj_weight, out_proj_bias)
torch.OutOfMemoryError: CUDA out of memory. Tried to allocate 2.00 MiB. GPU 0 has a total capacity of 23.68 GiB of which 2.44 MiB is free. Process 3053274 has 9.93 GiB memory in use. Process 3058551 has 4.20 GiB memory in use. Including non-PyTorch memory, this process has 5.42 GiB memory in use. Process 3070280 has 4.11 GiB memory in use. Of the allocated memory 5.02 GiB is allocated by PyTorch, and 141.33 MiB is reserved by PyTorch but unallocated. If reserved but unallocated memory is large try setting PYTORCH_CUDA_ALLOC_CONF=expandable_segments:True to avoid fragmentation.  See documentation for Memory Management  (https://pytorch.org/docs/stable/notes/cuda.html#environment-variables)
Finished converting document 2210.00740v1.pdf in 8.80 sec.
Docling attempt 1 found no tables, trying next config
Docling converting 2210.00740v1.pdf (config: with_ocr_accurate)
detected formats: [<InputFormat.PDF: 'pdf'>]
Going to convert document batch...
Initializing pipeline for StandardPdfPipeline with options hash a6a2eef09bfdbd6bdaeaf15fcaebde59
rapidocr cannot be used because onnxruntime is not installed.
easyocr cannot be used because it is not installed.
Accelerator device: 'cuda:0'
[32m[INFO] 2026-05-03 03:33:24,459 [RapidOCR] base.py:22: Using engine_name: torch[0m
[32m[INFO] 2026-05-03 03:33:24,459 [RapidOCR] device_config.py:64: Using GPU device with ID: 0[0m
[32m[INFO] 2026-05-03 03:33:24,513 [RapidOCR] download_file.py:60: File exists and is valid: /HOME/.local/lib/python3.10/site-packages/rapidocr/models/ch_PP-OCRv4_det_infer.pth[0m
[32m[INFO] 2026-05-03 03:33:24,513 [RapidOCR] main.py:50: Using /HOME/.local/lib/python3.10/site-packages/rapidocr/models/ch_PP-OCRv4_det_infer.pth[0m
Docling extraction failed: CUDA out of memory. Tried to allocate 2.00 MiB. GPU 0 has a total capacity of 23.68 GiB of which 2.44 MiB is free. Process 3053274 has 9.93 GiB memory in use. Process 3058551 has 4.20 GiB memory in use. Including non-PyTorch memory, this process has 5.42 GiB memory in use. Process 3070280 has 4.11 GiB memory in use. Of the allocated memory 5.03 GiB is allocated by PyTorch, and 134.84 MiB is reserved by PyTorch but unallocated. If reserved but unallocated memory is large try setting PYTORCH_CUDA_ALLOC_CONF=expandable_segments:True to avoid fragmentation.  See documentation for Memory Management  (https://pytorch.org/docs/stable/notes/cuda.html#environment-variables)
  docling: 0 tables found
  Running marker...
Marker converting 2210.00740v1.pdf
Recognizing Layout:   0%|          | 0/12 [00:00<?, ?it/s]Marker extraction failed: pad_sequence() got an unexpected keyword argument 'padding_side'
Recognizing Layout:   0%|          | 0/12 [00:00<?, ?it/s]
  marker: 0 tables found
  Running mineru...
2026-05-03 03:33:27.963 | INFO     | magic_pdf.data.dataset:__init__:157 - lang: None
2026-05-03 03:33:29.244 | INFO     | magic_pdf.libs.pdf_check:detect_invalid_chars:67 - cid_count: 18, text_len: 37762, cid_chars_radio: 0.00047840531561461793
MinerU classification for 2210.00740v1.pdf: SupportedPdfParseMethod.TXT
2026-05-03 03:33:29.618 | INFO     | magic_pdf.model.doc_analyze_by_custom_model:doc_analyze:162 - Batch 1/1: 12 pages/12 pages
MinerU model analysis failed (No module named 'rapid_table'), trying basic mode
  mineru: 0 tables found
  Running camelot...
  camelot: 1 tables found
Cross-backend dedup: 1 raw → 1 valid → 1 unique (1 groups, avg 1.0 variants/table)
HTTP Request: POST https://api.anthropic.com/v1/messages "HTTP/1.1 200 OK"
Paper intelligence: {"tasks": ["2D human pose estimation"], "metrics": ["PCKh@0.5", "AP", "AP50", "AP75", "APM", "APL", 
HTTP Request: POST https://api.anthropic.com/v1/messages "HTTP/1.1 200 OK"
Table filter: 1 -> 1 relevant tables
HTTP Request: POST https://api.anthropic.com/v1/messages "HTTP/1.1 200 OK"
HTTP Request: POST https://api.anthropic.com/v1/messages "HTTP/1.1 200 OK"
[2210.00740v1] validation: 96→95 (dropped 1; reason: Entry 0 reports 'Integral Pose Regression' with 87.9 Mean AP on MPII, but this m)
Pipeline: 1 tables → 95 raw → 91 deduped
91 tuples (48s)
[12/15] 2210.00910v1... Extracting PDF text from 2210.00910v1.pdf...
  Running docling...
Docling converting 2210.00910v1.pdf (config: no_ocr_accurate)
detected formats: [<InputFormat.PDF: 'pdf'>]
Going to convert document batch...
Initializing pipeline for StandardPdfPipeline with options hash b56892e70fd34eb2f9ef999169879158
Accelerator device: 'cuda:0'
Accelerator device: 'cuda:0'
Docling extraction failed: CUDA out of memory. Tried to allocate 2.00 MiB. GPU 0 has a total capacity of 23.68 GiB of which 2.44 MiB is free. Process 3053274 has 9.97 GiB memory in use. Process 3058551 has 4.20 GiB memory in use. Including non-PyTorch memory, this process has 5.38 GiB memory in use. Process 3070280 has 4.11 GiB memory in use. Of the allocated memory 5.03 GiB is allocated by PyTorch, and 90.48 MiB is reserved by PyTorch but unallocated. If reserved but unallocated memory is large try setting PYTORCH_CUDA_ALLOC_CONF=expandable_segments:True to avoid fragmentation.  See documentation for Memory Management  (https://pytorch.org/docs/stable/notes/cuda.html#environment-variables)
Docling attempt 1 found no tables, trying next config
Docling converting 2210.00910v1.pdf (config: with_ocr_accurate)
detected formats: [<InputFormat.PDF: 'pdf'>]
Going to convert document batch...
Initializing pipeline for StandardPdfPipeline with options hash a6a2eef09bfdbd6bdaeaf15fcaebde59
rapidocr cannot be used because onnxruntime is not installed.
easyocr cannot be used because it is not installed.
Accelerator device: 'cuda:0'
[32m[INFO] 2026-05-03 03:34:05,586 [RapidOCR] base.py:22: Using engine_name: torch[0m
[32m[INFO] 2026-05-03 03:34:05,587 [RapidOCR] device_config.py:64: Using GPU device with ID: 0[0m
[32m[INFO] 2026-05-03 03:34:05,628 [RapidOCR] download_file.py:60: File exists and is valid: /HOME/.local/lib/python3.10/site-packages/rapidocr/models/ch_PP-OCRv4_det_infer.pth[0m
[32m[INFO] 2026-05-03 03:34:05,628 [RapidOCR] main.py:50: Using /HOME/.local/lib/python3.10/site-packages/rapidocr/models/ch_PP-OCRv4_det_infer.pth[0m
[32m[INFO] 2026-05-03 03:34:05,881 [RapidOCR] base.py:22: Using engine_name: torch[0m
[32m[INFO] 2026-05-03 03:34:05,882 [RapidOCR] device_config.py:64: Using GPU device with ID: 0[0m
[32m[INFO] 2026-05-03 03:34:05,887 [RapidOCR] download_file.py:60: File exists and is valid: /HOME/.local/lib/python3.10/site-packages/rapidocr/models/ch_ptocr_mobile_v2.0_cls_infer.pth[0m
[32m[INFO] 2026-05-03 03:34:05,887 [RapidOCR] main.py:50: Using /HOME/.local/lib/python3.10/site-packages/rapidocr/models/ch_ptocr_mobile_v2.0_cls_infer.pth[0m
[32m[INFO] 2026-05-03 03:34:05,991 [RapidOCR] base.py:22: Using engine_name: torch[0m
[32m[INFO] 2026-05-03 03:34:05,992 [RapidOCR] device_config.py:64: Using GPU device with ID: 0[0m
[32m[INFO] 2026-05-03 03:34:06,064 [RapidOCR] download_file.py:60: File exists and is valid: /HOME/.local/lib/python3.10/site-packages/rapidocr/models/ch_PP-OCRv4_rec_infer.pth[0m
[32m[INFO] 2026-05-03 03:34:06,064 [RapidOCR] main.py:50: Using /HOME/.local/lib/python3.10/site-packages/rapidocr/models/ch_PP-OCRv4_rec_infer.pth[0m
Auto OCR model selected rapidocr with torch.
Accelerator device: 'cuda:0'
Accelerator device: 'cuda:0'
Docling extraction failed: CUDA out of memory. Tried to allocate 2.00 MiB. GPU 0 has a total capacity of 23.68 GiB of which 2.44 MiB is free. Process 3053274 has 9.97 GiB memory in use. Process 3058551 has 4.20 GiB memory in use. Including non-PyTorch memory, this process has 5.38 GiB memory in use. Process 3070280 has 4.11 GiB memory in use. Of the allocated memory 4.84 GiB is allocated by PyTorch, and 282.55 MiB is reserved by PyTorch but unallocated. If reserved but unallocated memory is large try setting PYTORCH_CUDA_ALLOC_CONF=expandable_segments:True to avoid fragmentation.  See documentation for Memory Management  (https://pytorch.org/docs/stable/notes/cuda.html#environment-variables)
  docling: 0 tables found
  Running marker...
Marker converting 2210.00910v1.pdf
Marker extraction failed: CUDA out of memory. Tried to allocate 14.00 MiB. GPU 0 has a total capacity of 23.68 GiB of which 4.44 MiB is free. Process 3053274 has 9.97 GiB memory in use. Process 3058551 has 4.20 GiB memory in use. Including non-PyTorch memory, this process has 5.37 GiB memory in use. Process 3070280 has 4.11 GiB memory in use. Of the allocated memory 4.85 GiB is allocated by PyTorch, and 274.24 MiB is reserved by PyTorch but unallocated. If reserved but unallocated memory is large try setting PYTORCH_CUDA_ALLOC_CONF=expandable_segments:True to avoid fragmentation.  See documentation for Memory Management  (https://pytorch.org/docs/stable/notes/cuda.html#environment-variables)
  marker: 0 tables found
  Running mineru...
2026-05-03 03:34:10.716 | INFO     | magic_pdf.data.dataset:__init__:157 - lang: None
2026-05-03 03:34:11.778 | INFO     | magic_pdf.libs.pdf_check:detect_invalid_chars:67 - cid_count: 0, text_len: 35078, cid_chars_radio: 0.0
MinerU classification for 2210.00910v1.pdf: SupportedPdfParseMethod.TXT
2026-05-03 03:34:12.117 | INFO     | magic_pdf.model.doc_analyze_by_custom_model:doc_analyze:162 - Batch 1/1: 16 pages/16 pages
MinerU model analysis failed (No module named 'rapid_table'), trying basic mode
  mineru: 0 tables found
  Running camelot...
  camelot: 0 tables found
Cross-backend dedup: 0 raw → 0 valid → 0 unique (0 groups, avg 0.0 variants/table)
No tables from text extractors — rendering pages for vision...
Rendering 4 data-dense pages: [5, 13, 14, 15] (landscape/rotated: none)
Rendered 4/4 pages (total 1265.8 KB)
Vision: rendered 4 data pages
[2210.00910v1] text backends empty — using vision LLM
HTTP Request: POST https://api.anthropic.com/v1/messages "HTTP/1.1 200 OK"
[2210.00910v1] vision transcribed 12 tables
HTTP Request: POST https://api.anthropic.com/v1/messages "HTTP/1.1 200 OK"
Paper intelligence: {"tasks": ["hate speech detection", "text classification", "zero-shot classification"], "metrics": [
HTTP Request: POST https://api.anthropic.com/v1/messages "HTTP/1.1 200 OK"
HTTP Request: POST https://api.anthropic.com/v1/messages "HTTP/1.1 200 OK"
HTTP Request: POST https://api.anthropic.com/v1/messages "HTTP/1.1 200 OK"
HTTP Request: POST https://api.anthropic.com/v1/messages "HTTP/1.1 200 OK"
HTTP Request: POST https://api.anthropic.com/v1/messages "HTTP/1.1 200 OK"
HTTP Request: POST https://api.anthropic.com/v1/messages "HTTP/1.1 200 OK"
HTTP Request: POST https://api.anthropic.com/v1/messages "HTTP/1.1 200 OK"
HTTP Request: POST https://api.anthropic.com/v1/messages "HTTP/1.1 200 OK"
HTTP Request: POST https://api.anthropic.com/v1/messages "HTTP/1.1 200 OK"
HTTP Request: POST https://api.anthropic.com/v1/messages "HTTP/1.1 200 OK"
HTTP Request: POST https://api.anthropic.com/v1/messages "HTTP/1.1 200 OK"
HTTP Request: POST https://api.anthropic.com/v1/messages "HTTP/1.1 200 OK"
Table filter: 12 -> 12 relevant tables
HTTP Request: POST https://api.anthropic.com/v1/messages "HTTP/1.1 200 OK"
HTTP Request: POST https://api.anthropic.com/v1/messages "HTTP/1.1 200 OK"
HTTP Request: POST https://api.anthropic.com/v1/messages "HTTP/1.1 200 OK"
HTTP Request: POST https://api.anthropic.com/v1/messages "HTTP/1.1 200 OK"
HTTP Request: POST https://api.anthropic.com/v1/messages "HTTP/1.1 200 OK"
HTTP Request: POST https://api.anthropic.com/v1/messages "HTTP/1.1 200 OK"
HTTP Request: POST https://api.anthropic.com/v1/messages "HTTP/1.1 200 OK"
HTTP Request: POST https://api.anthropic.com/v1/messages "HTTP/1.1 200 OK"
HTTP Request: POST https://api.anthropic.com/v1/messages "HTTP/1.1 200 OK"
HTTP Request: POST https://api.anthropic.com/v1/messages "HTTP/1.1 200 OK"
HTTP Request: POST https://api.anthropic.com/v1/messages "HTTP/1.1 200 OK"
HTTP Request: POST https://api.anthropic.com/v1/messages "HTTP/1.1 200 OK"
HTTP Request: POST https://api.anthropic.com/v1/messages "HTTP/1.1 200 OK"
[2210.00910v1] validation: 588→586 (dropped 2; reason: Accuracy values of 0.0% are implausibly low for a zero-shot model that reportedl)
Pipeline: 12 tables → 586 raw → 369 deduped
369 tuples (187s)
[13/15] 2210.00912v1... Extracting PDF text from 2210.00912v1.pdf...
Recognizing Layout:   0%|          | 0/15 [00:00<?, ?it/s]Recognizing Layout:   0%|          | 0/15 [00:00<?, ?it/s]
  Running docling...
Docling converting 2210.00912v1.pdf (config: no_ocr_accurate)
detected formats: [<InputFormat.PDF: 'pdf'>]
Going to convert document batch...
Initializing pipeline for StandardPdfPipeline with options hash b56892e70fd34eb2f9ef999169879158
Accelerator device: 'cuda:0'
Accelerator device: 'cuda:0'
Processing document 2210.00912v1.pdf
Finished converting document 2210.00912v1.pdf in 32.74 sec.
Docling extracted 5 tables from 2210.00912v1.pdf
Docling succeeded on attempt 1 with config: no_ocr_accurate
  docling: 4 tables found
  Running marker...
Marker converting 2210.00912v1.pdf
Recognizing Layout:   0%|          | 0/15 [00:00<?, ?it/s]Marker extraction failed: pad_sequence() got an unexpected keyword argument 'padding_side'
Recognizing Layout:   0%|          | 0/15 [00:00<?, ?it/s]
  marker: 0 tables found
  Running mineru...
2026-05-03 03:37:51.064 | INFO     | magic_pdf.data.dataset:__init__:157 - lang: None
2026-05-03 03:37:54.055 | INFO     | magic_pdf.libs.pdf_check:detect_invalid_chars:67 - cid_count: 0, text_len: 36187, cid_chars_radio: 0.0
MinerU classification for 2210.00912v1.pdf: SupportedPdfParseMethod.TXT
2026-05-03 03:37:54.602 | INFO     | magic_pdf.model.doc_analyze_by_custom_model:doc_analyze:162 - Batch 1/1: 15 pages/15 pages
MinerU model analysis failed (No module named 'rapid_table'), trying basic mode
  mineru: 0 tables found
  Running camelot...
/HOME/.local/lib/python3.10/site-packages/camelot/parsers/base.py:238: UserWarning: No tables found in table area (40.112, 651.6590783999998, 555.1137435999997, 768.3746133241748)
  cols, rows, v_s, h_s = self._generate_columns_and_rows(bbox, user_cols)
  camelot: 5 tables found
Cross-backend dedup: 9 raw → 9 valid → 9 unique (9 groups, avg 1.0 variants/table)
HTTP Request: POST https://api.anthropic.com/v1/messages "HTTP/1.1 200 OK"
Paper intelligence: {"tasks": ["image classification", "domain generalization", "federated learning"], "metrics": ["test
HTTP Request: POST https://api.anthropic.com/v1/messages "HTTP/1.1 200 OK"
HTTP Request: POST https://api.anthropic.com/v1/messages "HTTP/1.1 200 OK"
HTTP Request: POST https://api.anthropic.com/v1/messages "HTTP/1.1 200 OK"
HTTP Request: POST https://api.anthropic.com/v1/messages "HTTP/1.1 200 OK"
HTTP Request: POST https://api.anthropic.com/v1/messages "HTTP/1.1 200 OK"
HTTP Request: POST https://api.anthropic.com/v1/messages "HTTP/1.1 200 OK"
HTTP Request: POST https://api.anthropic.com/v1/messages "HTTP/1.1 200 OK"
HTTP Request: POST https://api.anthropic.com/v1/messages "HTTP/1.1 200 OK"
Table filter: 9 -> 8 relevant tables
HTTP Request: POST https://api.anthropic.com/v1/messages "HTTP/1.1 200 OK"
HTTP Request: POST https://api.anthropic.com/v1/messages "HTTP/1.1 200 OK"
HTTP Request: POST https://api.anthropic.com/v1/messages "HTTP/1.1 200 OK"
HTTP Request: POST https://api.anthropic.com/v1/messages "HTTP/1.1 200 OK"
HTTP Request: POST https://api.anthropic.com/v1/messages "HTTP/1.1 200 OK"
HTTP Request: POST https://api.anthropic.com/v1/messages "HTTP/1.1 200 OK"
HTTP Request: POST https://api.anthropic.com/v1/messages "HTTP/1.1 200 OK"
HTTP Request: POST https://api.anthropic.com/v1/messages "HTTP/1.1 200 OK"
HTTP Request: POST https://api.anthropic.com/v1/messages "HTTP/1.1 200 OK"
[2210.00912v1] validation: 467→465 (dropped 2; reason: Entries 10 and 21 are missing the 'dataset' field while all other entries have i)
Pipeline: 9 tables → 465 raw → 437 deduped
437 tuples (156s)
[14/15] 2210.01091v1... Extracting PDF text from 2210.01091v1.pdf...
Recognizing Layout:   0%|          | 0/8 [00:00<?, ?it/s]Recognizing Layout:   0%|          | 0/8 [00:00<?, ?it/s]
  Running docling...
Docling converting 2210.01091v1.pdf (config: no_ocr_accurate)
detected formats: [<InputFormat.PDF: 'pdf'>]
Going to convert document batch...
Initializing pipeline for StandardPdfPipeline with options hash b56892e70fd34eb2f9ef999169879158
Accelerator device: 'cuda:0'
Accelerator device: 'cuda:0'
Processing document 2210.01091v1.pdf
Finished converting document 2210.01091v1.pdf in 6.97 sec.
Docling extracted 4 tables from 2210.01091v1.pdf
Docling succeeded on attempt 1 with config: no_ocr_accurate
  docling: 1 tables found
  Running marker...
Marker converting 2210.01091v1.pdf
Recognizing Layout:   0%|          | 0/8 [00:00<?, ?it/s]Marker extraction failed: pad_sequence() got an unexpected keyword argument 'padding_side'
Recognizing Layout:   0%|          | 0/8 [00:00<?, ?it/s]
  marker: 0 tables found
  Running mineru...
2026-05-03 03:39:52.032 | INFO     | magic_pdf.data.dataset:__init__:157 - lang: None
2026-05-03 03:39:52.601 | INFO     | magic_pdf.libs.pdf_check:detect_invalid_chars:67 - cid_count: 0, text_len: 22487, cid_chars_radio: 0.0
MinerU classification for 2210.01091v1.pdf: SupportedPdfParseMethod.TXT
2026-05-03 03:39:52.807 | INFO     | magic_pdf.model.doc_analyze_by_custom_model:doc_analyze:162 - Batch 1/1: 8 pages/8 pages
MinerU model analysis failed (No module named 'rapid_table'), trying basic mode
  mineru: 0 tables found
  Running camelot...
  camelot: 3 tables found
Cross-backend dedup: 4 raw → 4 valid → 4 unique (4 groups, avg 1.0 variants/table)
HTTP Request: POST https://api.anthropic.com/v1/messages "HTTP/1.1 200 OK"
Paper intelligence: {"tasks": ["text classification", "sentiment analysis", "sentence similarity"], "metrics": ["accurac
HTTP Request: POST https://api.anthropic.com/v1/messages "HTTP/1.1 200 OK"
HTTP Request: POST https://api.anthropic.com/v1/messages "HTTP/1.1 200 OK"
HTTP Request: POST https://api.anthropic.com/v1/messages "HTTP/1.1 200 OK"
HTTP Request: POST https://api.anthropic.com/v1/messages "HTTP/1.1 200 OK"
Table filter: 4 -> 4 relevant tables
HTTP Request: POST https://api.anthropic.com/v1/messages "HTTP/1.1 200 OK"
HTTP Request: POST https://api.anthropic.com/v1/messages "HTTP/1.1 200 OK"
HTTP Request: POST https://api.anthropic.com/v1/messages "HTTP/1.1 200 OK"
HTTP Request: POST https://api.anthropic.com/v1/messages "HTTP/1.1 200 OK"
HTTP Request: POST https://api.anthropic.com/v1/messages "HTTP/1.1 200 OK"
[2210.01091v1] validation: 83→72 (dropped 11; reason: All entries reference 'Small SMS Spam Collection' and 'French and Spanish Review)
Pipeline: 4 tables → 72 raw → 48 deduped
48 tuples (37s)
[15/15] 2211.05783v1... Extracting PDF text from 2211.05783v1.pdf...
Recognizing Layout:   0%|          | 0/17 [00:00<?, ?it/s]Recognizing Layout:   0%|          | 0/17 [00:00<?, ?it/s]
  Running docling...
Docling converting 2211.05783v1.pdf (config: no_ocr_accurate)
detected formats: [<InputFormat.PDF: 'pdf'>]
Going to convert document batch...
Initializing pipeline for StandardPdfPipeline with options hash b56892e70fd34eb2f9ef999169879158
Accelerator device: 'cuda:0'
Accelerator device: 'cuda:0'
Processing document 2211.05783v1.pdf
Finished converting document 2211.05783v1.pdf in 31.47 sec.
Docling extracted 19 tables from 2211.05783v1.pdf
Docling succeeded on attempt 1 with config: no_ocr_accurate
  docling: 19 tables found
  Running marker...
Marker converting 2211.05783v1.pdf
Recognizing Layout:   0%|          | 0/17 [00:00<?, ?it/s]Marker extraction failed: pad_sequence() got an unexpected keyword argument 'padding_side'
Recognizing Layout:   0%|          | 0/17 [00:00<?, ?it/s]
  marker: 0 tables found
  Running mineru...
2026-05-03 03:41:07.127 | INFO     | magic_pdf.data.dataset:__init__:157 - lang: None
2026-05-03 03:41:09.497 | INFO     | magic_pdf.libs.pdf_check:detect_invalid_chars:67 - cid_count: 6, text_len: 52865, cid_chars_radio: 0.00011358688450106962
MinerU classification for 2211.05783v1.pdf: SupportedPdfParseMethod.TXT
2026-05-03 03:41:09.870 | INFO     | magic_pdf.model.doc_analyze_by_custom_model:doc_analyze:162 - Batch 1/1: 17 pages/17 pages
MinerU model analysis failed (No module named 'rapid_table'), trying basic mode
  mineru: 0 tables found
  Running camelot...
  camelot: 6 tables found
Cross-backend dedup: 25 raw → 25 valid → 25 unique (25 groups, avg 1.0 variants/table)
HTTP Request: POST https://api.anthropic.com/v1/messages "HTTP/1.1 200 OK"
Paper intelligence: {"tasks": ["optical flow estimation", "stereo matching", "depth prediction"], "metrics": ["EPE (End 
HTTP Request: POST https://api.anthropic.com/v1/messages "HTTP/1.1 200 OK"
HTTP Request: POST https://api.anthropic.com/v1/messages "HTTP/1.1 200 OK"
HTTP Request: POST https://api.anthropic.com/v1/messages "HTTP/1.1 200 OK"
HTTP Request: POST https://api.anthropic.com/v1/messages "HTTP/1.1 200 OK"
HTTP Request: POST https://api.anthropic.com/v1/messages "HTTP/1.1 200 OK"
HTTP Request: POST https://api.anthropic.com/v1/messages "HTTP/1.1 200 OK"
HTTP Request: POST https://api.anthropic.com/v1/messages "HTTP/1.1 200 OK"
HTTP Request: POST https://api.anthropic.com/v1/messages "HTTP/1.1 200 OK"
HTTP Request: POST https://api.anthropic.com/v1/messages "HTTP/1.1 200 OK"
HTTP Request: POST https://api.anthropic.com/v1/messages "HTTP/1.1 200 OK"
HTTP Request: POST https://api.anthropic.com/v1/messages "HTTP/1.1 200 OK"
HTTP Request: POST https://api.anthropic.com/v1/messages "HTTP/1.1 200 OK"
HTTP Request: POST https://api.anthropic.com/v1/messages "HTTP/1.1 200 OK"
HTTP Request: POST https://api.anthropic.com/v1/messages "HTTP/1.1 200 OK"
HTTP Request: POST https://api.anthropic.com/v1/messages "HTTP/1.1 200 OK"
HTTP Request: POST https://api.anthropic.com/v1/messages "HTTP/1.1 200 OK"
HTTP Request: POST https://api.anthropic.com/v1/messages "HTTP/1.1 200 OK"
HTTP Request: POST https://api.anthropic.com/v1/messages "HTTP/1.1 200 OK"
HTTP Request: POST https://api.anthropic.com/v1/messages "HTTP/1.1 200 OK"
HTTP Request: POST https://api.anthropic.com/v1/messages "HTTP/1.1 200 OK"
HTTP Request: POST https://api.anthropic.com/v1/messages "HTTP/1.1 200 OK"
HTTP Request: POST https://api.anthropic.com/v1/messages "HTTP/1.1 200 OK"
HTTP Request: POST https://api.anthropic.com/v1/messages "HTTP/1.1 200 OK"
HTTP Request: POST https://api.anthropic.com/v1/messages "HTTP/1.1 200 OK"
HTTP Request: POST https://api.anthropic.com/v1/messages "HTTP/1.1 200 OK"
Table filter: 25 -> 25 relevant tables
HTTP Request: POST https://api.anthropic.com/v1/messages "HTTP/1.1 200 OK"
HTTP Request: POST https://api.anthropic.com/v1/messages "HTTP/1.1 200 OK"
HTTP Request: POST https://api.anthropic.com/v1/messages "HTTP/1.1 200 OK"
HTTP Request: POST https://api.anthropic.com/v1/messages "HTTP/1.1 200 OK"
HTTP Request: POST https://api.anthropic.com/v1/messages "HTTP/1.1 200 OK"
HTTP Request: POST https://api.anthropic.com/v1/messages "HTTP/1.1 200 OK"
HTTP Request: POST https://api.anthropic.com/v1/messages "HTTP/1.1 200 OK"
HTTP Request: POST https://api.anthropic.com/v1/messages "HTTP/1.1 200 OK"
HTTP Request: POST https://api.anthropic.com/v1/messages "HTTP/1.1 200 OK"
HTTP Request: POST https://api.anthropic.com/v1/messages "HTTP/1.1 200 OK"
HTTP Request: POST https://api.anthropic.com/v1/messages "HTTP/1.1 200 OK"
HTTP Request: POST https://api.anthropic.com/v1/messages "HTTP/1.1 200 OK"
HTTP Request: POST https://api.anthropic.com/v1/messages "HTTP/1.1 200 OK"
HTTP Request: POST https://api.anthropic.com/v1/messages "HTTP/1.1 200 OK"
HTTP Request: POST https://api.anthropic.com/v1/messages "HTTP/1.1 200 OK"
HTTP Request: POST https://api.anthropic.com/v1/messages "HTTP/1.1 200 OK"
HTTP Request: POST https://api.anthropic.com/v1/messages "HTTP/1.1 200 OK"
HTTP Request: POST https://api.anthropic.com/v1/messages "HTTP/1.1 200 OK"
HTTP Request: POST https://api.anthropic.com/v1/messages "HTTP/1.1 200 OK"
HTTP Request: POST https://api.anthropic.com/v1/messages "HTTP/1.1 200 OK"
HTTP Request: POST https://api.anthropic.com/v1/messages "HTTP/1.1 200 OK"
HTTP Request: POST https://api.anthropic.com/v1/messages "HTTP/1.1 200 OK"
HTTP Request: POST https://api.anthropic.com/v1/messages "HTTP/1.1 200 OK"
HTTP Request: POST https://api.anthropic.com/v1/messages "HTTP/1.1 200 OK"
HTTP Request: POST https://api.anthropic.com/v1/messages "HTTP/1.1 200 OK"
HTTP Request: POST https://api.anthropic.com/v1/messages "HTTP/1.1 200 OK"
[2211.05783v1] validation: 1208→1185 (dropped 23; reason: All entries reference 'cost volume + conv' model which does not appear in the pr)
Pipeline: 25 tables → 1185 raw → 1067 deduped
1067 tuples (322s)

============================================================
TOTAL: 3221 tuples from 15 papers in 1397.0s
Results saved to /REPO/iswc2026/results/mltables_pipeline_claude-haiku-4-5-20251001_v29_t3_loo_pdfplumber
